,top_detail_symbol,top_detail_position_symbol,top_detail_name,top_detail_type,top_detail_amount,top_detail_value,top_detail_position_change,top_detail_value_percent,top_detail_net_value_percent,top_detail_report_date,top_detail_stat_date
0,260108.OF,125024.SZ,招商转债,债券,19100.0,2438800.0,,1.364099,0.04,2006-10-27,2006-09-30
1,260108.OF,000538.SZ,云南白药    ,股票,4466687.0,82544375.76,,3.461537,1.38,2006-10-27,2006-09-30
2,260108.OF,601006.SH,大秦铁路    ,股票,28337000.0,178523100.0,,7.48645,2.98,2006-10-27,2006-09-30
3,260108.OF,600694.SH,S大商       ,股票,1935323.0,80896501.4,,3.392433,1.35,2006-10-27,2006-09-30
4,260108.OF,600583.SH,海油工程    ,股票,6393737.0,144370581.46,,6.054248,2.41,2006-10-27,2006-09-30
5,260108.OF,600519.SH,贵州茅台    ,股票,4520118.0,214389196.74,,8.990511,3.58,2006-10-27,2006-09-30
6,260108.OF,600316.SH,洪都航空    ,股票,2906301.0,101226463.83,,4.244979,1.69,2006-10-27,2006-09-30
7,260108.OF,600036.SH,招商银行    ,股票,30120022.0,299393018.68,,12.555186,5.0,2006-10-27,2006-09-30
8,260108.OF,600030.SH,中信证券    ,股票,8068941.0,120792046.77,,5.065471,2.02,2006-10-27,2006-09-30
9,260108.OF,600028.SH,中国石化,股票,19167170.0,130145084.3,,5.457695,2.17,2006-10-27,2006-09-30
10,260108.OF,600009.SH,上海机场    ,股票,6104694.0,84733152.72,,3.553324,1.41,2006-10-27,2006-09-30
11,260108.OF,0601003.IB,06央行票据03,债券,1000000.0,97969400.0,,54.797418,1.64,2006-10-27,2006-09-30
12,260108.OF,0601001.IB,06央行票据01,债券,800000.0,78376600.0,,43.838538,1.31,2006-10-27,2006-09-30
13,260108.OF,000825.SZ,太钢不锈,股票,31124381.0,406484415.86,,5.975071,5.6,2007-01-21,2006-12-31
14,260108.OF,000002.SZ,万  科Ａ,股票,23000000.0,355120000.0,,5.220046,4.89,2007-01-21,2006-12-31
15,260108.OF,000001.SZ,S深发展A,股票,19576545.0,283272606.15,,4.163933,3.9,2007-01-21,2006-12-31
16,260108.OF,600583.SH,海油工程,股票,10000000.0,346700000.0,,5.096277,4.77,2007-01-21,2006-12-31
17,260108.OF,600519.SH,贵州茅台,股票,5100000.0,447933000.0,,6.58434,6.17,2007-01-21,2006-12-31
18,260108.OF,600036.SH,招商银行,股票,40000000.0,654400000.0,,9.619278,9.01,2007-01-21,2006-12-31
19,260108.OF,600030.SH,中信证券,股票,15000000.0,410700000.0,,6.037038,5.66,2007-01-21,2006-12-31
20,260108.OF,600016.SH,民生银行,股票,46700000.0,476340000.0,,7.001905,6.56,2007-01-21,2006-12-31
21,260108.OF,600005.SH,武钢股份,股票,60000000.0,381600000.0,,5.609285,5.25,2007-01-21,2006-12-31
22,260108.OF,600000.SH,浦发银行,股票,20000000.0,426200000.0,,6.264878,5.87,2007-01-21,2006-12-31
23,260108.OF,000825.SZ,太钢不锈,股票,20000000.0,373800000.0,,6.702459,6.33,2007-04-19,2007-03-31
24,260108.OF,000768.SZ,西飞国际,股票,10000000.0,188500000.0,,3.379918,3.19,2007-04-19,2007-03-31
25,260108.OF,601628.SH,中国人寿,股票,5018000.0,176784140.0,,3.169846,2.99,2007-04-19,2007-03-31
26,260108.OF,601006.SH,大秦铁路,股票,25000000.0,321250000.0,,5.760206,5.44,2007-04-19,2007-03-31
27,260108.OF,600583.SH,海油工程,股票,9000000.0,308430000.0,,5.530335,5.22,2007-04-19,2007-03-31
28,260108.OF,600519.SH,贵州茅台,股票,5100000.0,481950000.0,,8.641653,8.16,2007-04-19,2007-03-31
29,260108.OF,600036.SH,招商银行,股票,21000000.0,364980000.0,,6.544311,6.18,2007-04-19,2007-03-31
30,260108.OF,600030.SH,中信证券,股票,8000000.0,344240000.0,,6.17243,5.83,2007-04-19,2007-03-31
31,260108.OF,600016.SH,民生银行,股票,30000000.0,373200000.0,,6.6917,6.32,2007-04-19,2007-03-31
32,260108.OF,600000.SH,浦发银行,股票,12000000.0,320640000.0,,5.749268,5.43,2007-04-19,2007-03-31
33,260108.OF,126005.SH,07武钢债,债券,150800.0,15078000.0,,100.0,0.26,2007-04-18,2007-03-31
34,260108.OF,000825.SZ,太钢不锈,股票,16000000.0,320960000.0,,6.734423,6.0,2007-07-20,2007-06-30
35,260108.OF,000157.SZ,中联重科,股票,5003861.0,192648648.5,,4.042178,3.6,2007-07-20,2007-06-30
36,260108.OF,000001.SZ,深发展Ａ,股票,7000000.0,192640000.0,,4.041996,3.6,2007-07-20,2007-06-30
37,260108.OF,601628.SH,中国人寿,股票,5018000.0,206289980.0,,4.328402,3.86,2007-07-20,2007-06-30
38,260108.OF,601006.SH,大秦铁路,股票,13000000.0,196820000.0,,4.129702,3.68,2007-07-20,2007-06-30
39,260108.OF,600583.SH,海油工程,股票,7000000.0,253400000.0,,5.31687,4.74,2007-07-20,2007-06-30
40,260108.OF,600519.SH,贵州茅台,股票,4000000.0,478720000.0,,10.044562,8.95,2007-07-20,2007-06-30
41,260108.OF,600037.SH,歌华有线,股票,8000000.0,209440000.0,,4.394496,3.92,2007-07-20,2007-06-30
42,260108.OF,600036.SH,招商银行,股票,15000000.0,368700000.0,,7.736109,6.89,2007-07-20,2007-06-30
43,260108.OF,600030.SH,中信证券,股票,6000000.0,317820000.0,,6.668539,5.94,2007-07-20,2007-06-30
44,260108.OF,000968.SZ,煤 气 化,股票,17054645.0,494073065.65,,4.43531,4.15,2007-10-26,2007-09-30
45,260108.OF,000825.SZ,太钢不锈,股票,18000389.0,550991907.29,,4.946272,4.63,2007-10-26,2007-09-30
46,260108.OF,000709.SZ,唐钢股份,股票,24000000.0,629280000.0,,5.649067,5.28,2007-10-26,2007-09-30
47,260108.OF,000002.SZ,万  科Ａ,股票,17677899.0,533872549.8,,4.792591,4.48,2007-10-26,2007-09-30
48,260108.OF,000001.SZ,深发展Ａ,股票,15009913.0,600096321.74,,5.387084,5.04,2007-10-26,2007-09-30
49,260108.OF,600808.SH,马钢股份,股票,36000000.0,483840000.0,,4.343448,4.06,2007-10-26,2007-09-30
50,260108.OF,600519.SH,贵州茅台,股票,4000000.0,601880000.0,,5.403096,5.05,2007-10-26,2007-09-30
51,260108.OF,600036.SH,招商银行,股票,17529869.0,670868086.63,,6.022405,5.63,2007-10-26,2007-09-30
52,260108.OF,600030.SH,中信证券,股票,7066010.0,683353827.1,,6.13449,5.74,2007-10-26,2007-09-30
53,260108.OF,600019.SH,宝钢股份,股票,30009688.0,545876224.72,,4.900349,4.58,2007-10-26,2007-09-30
54,260108.OF,000968.SZ,煤 气 化,股票,15000000.0,500100000.0,,6.141912,4.98,2008-01-21,2007-12-31
55,260108.OF,000825.SZ,太钢不锈,股票,15000000.0,371550000.0,,4.563142,3.7,2008-01-21,2007-12-31
56,260108.OF,000709.SZ,唐钢股份,股票,17000000.0,424660000.0,,5.215405,4.23,2008-01-21,2007-12-31
57,260108.OF,000002.SZ,万  科Ａ,股票,12000000.0,346080000.0,,4.250336,3.45,2008-01-21,2007-12-31
58,260108.OF,600583.SH,海油工程,股票,7068000.0,368101440.0,,4.520789,3.66,2008-01-21,2007-12-31
59,260108.OF,600519.SH,贵州茅台,股票,4000000.0,920000000.0,,11.298858,9.16,2008-01-21,2007-12-31
60,260108.OF,600036.SH,招商银行,股票,17000000.0,673710000.0,,8.27408,6.71,2008-01-21,2007-12-31
61,260108.OF,600030.SH,中信证券,股票,6000000.0,535620000.0,,6.578146,5.33,2008-01-21,2007-12-31
62,260108.OF,600019.SH,宝钢股份,股票,20000000.0,348800000.0,,4.283741,3.47,2008-01-21,2007-12-31
63,260108.OF,600009.SH,上海机场,股票,8009722.0,300524769.44,,3.690855,2.99,2008-01-21,2007-12-31
64,260108.OF,000968.SZ,煤 气 化,股票,12571005.0,295544327.55,,6.249066,4.22,2008-04-23,2008-03-31
65,260108.OF,000825.SZ,太钢不锈,股票,12000000.0,201000000.0,,4.249996,2.87,2008-04-23,2008-03-31
66,260108.OF,000157.SZ,中联重科,股票,5000000.0,220000000.0,,4.651737,3.14,2008-04-23,2008-03-31
67,260108.OF,000001.SZ,深发展Ａ,股票,7000000.0,197400000.0,,4.173877,2.82,2008-04-23,2008-03-31
68,260108.OF,600583.SH,海油工程,股票,8127444.0,369798702.0,,7.819119,5.28,2008-04-23,2008-03-31
69,260108.OF,600519.SH,贵州茅台,股票,3100000.0,581901000.0,,12.303865,8.31,2008-04-23,2008-03-31
70,260108.OF,600037.SH,歌华有线,股票,8000000.0,163200000.0,,3.450743,2.33,2008-04-23,2008-03-31
71,260108.OF,600036.SH,招商银行,股票,15500000.0,498635000.0,,10.543268,7.12,2008-04-23,2008-03-31
72,260108.OF,600030.SH,中信证券,股票,4500000.0,236250000.0,,4.995331,3.37,2008-04-23,2008-03-31
73,260108.OF,600009.SH,上海机场,股票,8009722.0,194636244.6,,4.115439,2.78,2008-04-23,2008-03-31
74,260108.OF,0801036.IB,08央行票据36,债券,4000000.0,396600000.0,,50.272531,5.66,2008-04-18,2008-03-31
75,260108.OF,0801017.IB,08央行票据17,债券,2000000.0,200100000.0,,25.364431,2.86,2008-04-18,2008-03-31
76,260108.OF,0801016.IB,08央行票据16,债券,2000000.0,192200000.0,,24.363037,2.74,2008-04-18,2008-03-31
77,260108.OF,000968.SZ,煤 气 化,股票,14600000.0,345144000.0,,9.1124,6.0,2008-07-21,2008-06-30
78,260108.OF,000825.SZ,太钢不锈,股票,16054738.0,173872812.54,,4.590544,3.02,2008-07-21,2008-06-30
79,260108.OF,000157.SZ,中联重科,股票,10000000.0,138500000.0,,3.65664,2.41,2008-07-21,2008-06-30
80,260108.OF,000001.SZ,深发展Ａ,股票,7000000.0,135310000.0,,3.572418,2.35,2008-07-21,2008-06-30
81,260108.OF,601088.SH,中国神华,股票,3799954.0,142764271.78,,3.769224,2.48,2008-07-21,2008-06-30
82,260108.OF,600900.SH,长江电力,股票,10505381.0,153903831.65,,4.063328,2.67,2008-07-21,2008-06-30
83,260108.OF,600583.SH,海油工程,股票,16254888.0,354194009.52,,9.351336,6.15,2008-07-21,2008-06-30
84,260108.OF,600519.SH,贵州茅台,股票,3100000.0,429598000.0,,11.342132,7.46,2008-07-21,2008-06-30
85,260108.OF,600036.SH,招商银行,股票,16000000.0,374720000.0,,9.893257,6.51,2008-07-21,2008-06-30
86,260108.OF,600030.SH,中信证券,股票,5000000.0,119600000.0,,3.157647,2.08,2008-07-21,2008-06-30
87,260108.OF,000968.SZ,煤 气 化,股票,13275284.0,163551498.88,,5.030973,3.38,2008-10-23,2008-09-30
88,260108.OF,000825.SZ,太钢不锈,股票,16054738.0,125708598.54,,3.866896,2.6,2008-10-23,2008-09-30
89,260108.OF,000157.SZ,中联重科,股票,10104600.0,148638666.0,,4.572243,3.07,2008-10-23,2008-09-30
90,260108.OF,601088.SH,中国神华,股票,6109954.0,167351640.06,,5.147869,3.46,2008-10-23,2008-09-30
91,260108.OF,601006.SH,大秦铁路,股票,12150076.0,156735980.4,,4.821323,3.24,2008-10-23,2008-09-30
92,260108.OF,600900.SH,长江电力,股票,10505381.0,96334343.77,,2.963321,1.99,2008-10-23,2008-09-30
93,260108.OF,600583.SH,海油工程,股票,16254888.0,256502132.64,,7.890208,5.3,2008-10-23,2008-09-30
94,260108.OF,600519.SH,贵州茅台,股票,3100000.0,408859000.0,,12.576826,8.45,2008-10-23,2008-09-30
95,260108.OF,600036.SH,招商银行,股票,16000000.0,281920000.0,,8.672082,5.83,2008-10-23,2008-09-30
96,260108.OF,600028.SH,中国石化,股票,8800015.0,93984160.2,,2.891027,1.94,2008-10-23,2008-09-30
97,260108.OF,080213.IB,08国开13,债券,1400000.0,145432000.0,,18.871416,3.01,2008-10-29,2008-09-30
98,260108.OF,0801095.IB,08央行票据95,债券,3000000.0,288480000.0,,37.433481,5.96,2008-10-29,2008-09-30
99,260108.OF,0801016.IB,08央行票据16,债券,3500000.0,336735000.0,,43.695103,6.96,2008-10-29,2008-09-30
100,260108.OF,000968.SZ,煤 气 化,股票,11000000.0,104060000.0,,3.513068,2.46,2009-01-22,2008-12-31
101,260108.OF,000157.SZ,中联重科,股票,10104600.0,112969428.0,,3.813851,2.67,2009-01-22,2008-12-31
102,260108.OF,601766.SH,中国南车,股票,40083860.0,172761436.6,,5.832431,4.08,2009-01-22,2008-12-31
103,260108.OF,601390.SH,中国中铁,股票,27081470.0,146781567.4,,4.95535,3.47,2009-01-22,2008-12-31
104,260108.OF,601186.SH,中国铁建,股票,15539714.0,156018728.56,,5.267196,3.69,2009-01-22,2008-12-31
105,260108.OF,601088.SH,中国神华,股票,6109954.0,107168593.16,,3.618015,2.53,2009-01-22,2008-12-31
106,260108.OF,600583.SH,海油工程,股票,16254888.0,247561944.24,,8.357698,5.85,2009-01-22,2008-12-31
107,260108.OF,600519.SH,贵州茅台,股票,3100000.0,336970000.0,,11.376116,7.96,2009-01-22,2008-12-31
108,260108.OF,600276.SH,恒瑞医药,股票,2700851.0,104009772.01,,3.511373,2.46,2009-01-22,2008-12-31
109,260108.OF,600036.SH,招商银行,股票,12500000.0,152000000.0,,5.131524,3.59,2009-01-22,2008-12-31
110,260108.OF,000968.SZ,煤 气 化,股票,10000000.0,141900000.0,,4.016452,2.99,2009-04-21,2009-03-31
111,260108.OF,000157.SZ,中联重科,股票,9000000.0,188280000.0,,5.329229,3.97,2009-04-21,2009-03-31
112,260108.OF,601766.SH,中国南车,股票,40083860.0,176368984.0,,4.99209,3.72,2009-04-21,2009-03-31
113,260108.OF,601390.SH,中国中铁,股票,27081470.0,147323196.8,,4.169955,3.11,2009-04-21,2009-03-31
114,260108.OF,601186.SH,中国铁建,股票,15539714.0,146073311.6,,4.134577,3.08,2009-04-21,2009-03-31
115,260108.OF,600583.SH,海油工程,股票,14873013.0,244809793.98,,6.929294,5.16,2009-04-21,2009-03-31
116,260108.OF,600519.SH,贵州茅台,股票,2500000.0,286850000.0,,8.119234,6.05,2009-04-21,2009-03-31
117,260108.OF,600276.SH,恒瑞医药,股票,2700851.0,107682929.37,,3.047945,2.27,2009-04-21,2009-03-31
118,260108.OF,600089.SH,特变电工,股票,4500000.0,128115000.0,,3.62627,2.7,2009-04-21,2009-03-31
119,260108.OF,600036.SH,招商银行,股票,7640000.0,121705200.0,,3.444842,2.57,2009-04-21,2009-03-31
120,260108.OF,080217.IB,08国开17,债券,2200000.0,219318000.0,,100.0,4.62,2009-04-18,2009-03-31
121,260108.OF,000061.SZ,农 产 品,股票,11900000.0,135422000.0,,2.788268,2.54,2009-07-18,2009-06-30
122,260108.OF,000002.SZ,万  科Ａ,股票,11000000.0,140250000.0,,2.887674,2.63,2009-07-18,2009-06-30
123,260108.OF,601857.SH,中国石油,股票,11699956.0,169415362.88,,3.488173,3.18,2009-07-18,2009-06-30
124,260108.OF,601328.SH,交通银行,股票,24999978.0,225249801.78,,4.637775,4.22,2009-07-18,2009-06-30
125,260108.OF,601166.SH,兴业银行,股票,5019555.0,186275686.05,,3.835318,3.49,2009-07-18,2009-06-30
126,260108.OF,600837.SH,海通证券,股票,9999981.0,164499687.45,,3.386962,3.08,2009-07-18,2009-06-30
127,260108.OF,600583.SH,海油工程,股票,15000000.0,177450000.0,,3.653602,3.33,2009-07-18,2009-06-30
128,260108.OF,600519.SH,贵州茅台,股票,2000000.0,296020000.0,,6.094896,5.55,2009-07-18,2009-06-30
129,260108.OF,600016.SH,民生银行,股票,26999951.0,213839611.92,,4.402845,4.01,2009-07-18,2009-06-30
130,260108.OF,600000.SH,浦发银行,股票,6999857.0,161136708.14,,3.31772,3.02,2009-07-18,2009-06-30
131,260108.OF,000983.SZ,西山煤电,股票,4009938.0,125551158.78,,4.048121,2.8,2009-10-28,2009-09-30
132,260108.OF,000069.SZ,华侨城Ａ,股票,9883095.0,182837257.5,,5.895185,4.08,2009-10-28,2009-09-30
133,260108.OF,000001.SZ,深发展Ａ,股票,7522428.0,150523784.28,,4.853308,3.36,2009-10-28,2009-09-30
134,260108.OF,601328.SH,交通银行,股票,20000000.0,166600000.0,,5.37165,3.71,2009-10-28,2009-09-30
135,260108.OF,601318.SH,中国平安,股票,3500001.0,177450050.7,,5.721486,3.96,2009-10-28,2009-09-30
136,260108.OF,601166.SH,兴业银行,股票,5000000.0,168950000.0,,5.447421,3.77,2009-10-28,2009-09-30
137,260108.OF,601088.SH,中国神华,股票,4873844.0,147969903.84,,4.770964,3.3,2009-10-28,2009-09-30
138,260108.OF,600519.SH,贵州茅台,股票,1100000.0,181346000.0,,5.847102,4.04,2009-10-28,2009-09-30
139,260108.OF,600030.SH,中信证券,股票,7000000.0,175070000.0,,5.644747,3.9,2009-10-28,2009-09-30
140,260108.OF,600016.SH,民生银行,股票,25000000.0,168500000.0,,5.432911,3.76,2009-10-28,2009-09-30
141,260108.OF,002038.SZ,双鹭药业,股票,3000000.0,138720000.0,,4.322414,3.54,2010-04-20,2010-03-31
142,260108.OF,000983.SZ,西山煤电,股票,3010013.0,106253458.9,,3.310781,2.71,2010-04-20,2010-03-31
143,260108.OF,000917.SZ,电广传媒,股票,5999810.0,124976042.3,,3.894163,3.19,2010-04-20,2010-03-31
144,260108.OF,000425.SZ,徐工机械,股票,2655357.0,99230691.09,,3.091956,2.53,2010-04-20,2010-03-31
145,260108.OF,600690.SH,青岛海尔,股票,4006466.0,83895398.04,,2.61412,2.14,2010-04-20,2010-03-31
146,260108.OF,600519.SH,贵州茅台,股票,1000000.0,158760000.0,,4.946846,4.05,2010-04-20,2010-03-31
147,260108.OF,600375.SH,星马汽车,股票,5000000.0,96850000.0,,3.017776,2.47,2010-04-20,2010-03-31
148,260108.OF,600276.SH,恒瑞医药,股票,3000000.0,117630000.0,,3.665265,3.0,2010-04-20,2010-03-31
149,260108.OF,600271.SH,航天信息,股票,4009774.0,86330434.22,,2.689994,2.2,2010-04-20,2010-03-31
150,260108.OF,600060.SH,海信电器,股票,5056509.0,125856509.01,,3.921597,3.21,2010-04-20,2010-03-31
151,260108.OF,002081.SZ,金 螳 螂,股票,2250000.0,70425000.0,,2.766011,2.2,2010-07-21,2010-06-30
152,260108.OF,002038.SZ,双鹭药业,股票,3000000.0,112440000.0,,4.416191,3.52,2010-07-21,2010-06-30
153,260108.OF,000983.SZ,西山煤电,股票,3913017.0,71060388.72,,2.790967,2.22,2010-07-21,2010-06-30
154,260108.OF,000425.SZ,徐工机械,股票,2655357.0,81333584.91,,3.194456,2.54,2010-07-21,2010-06-30
155,260108.OF,113001.SH,中行转债,债券,472870.0,47826071.8,,100.0,1.5,2010-07-21,2010-06-30
156,260108.OF,600694.SH,大商股份,股票,1830000.0,77427300.0,,3.041033,2.42,2010-07-21,2010-06-30
157,260108.OF,600690.SH,青岛海尔,股票,4006466.0,76523500.6,,3.005536,2.39,2010-07-21,2010-06-30
158,260108.OF,600519.SH,贵州茅台,股票,1000000.0,127360000.0,,5.002189,3.98,2010-07-21,2010-06-30
159,260108.OF,600375.SH,星马汽车,股票,5000000.0,71350000.0,,2.802341,2.23,2010-07-21,2010-06-30
160,260108.OF,600276.SH,恒瑞医药,股票,3000000.0,117210000.0,,4.603538,3.67,2010-07-21,2010-06-30
161,260108.OF,600060.SH,海信电器,股票,7584764.0,91396406.2,,3.589684,2.86,2010-07-21,2010-06-30
162,260108.OF,002081.SZ,金 螳 螂,股票,2000000.0,96960000.0,,3.589139,2.72,2010-10-26,2010-09-30
163,260108.OF,002045.SZ,广州国光,股票,3542447.0,75099876.4,,2.779949,2.11,2010-10-26,2010-09-30
164,260108.OF,000983.SZ,西山煤电,股票,3913017.0,81390753.6,,3.012817,2.28,2010-10-26,2010-09-30
165,260108.OF,601939.SH,建设银行,股票,20986096.0,96536041.6,,3.573445,2.71,2010-10-26,2010-09-30
166,260108.OF,601169.SH,北京银行,股票,8737515.0,104325929.1,,3.861801,2.92,2010-10-26,2010-09-30
167,260108.OF,601166.SH,兴业银行,股票,3995948.0,92386317.76,,3.419836,2.59,2010-10-26,2010-09-30
168,260108.OF,600276.SH,恒瑞医药,股票,2379649.0,116103074.71,,4.297752,3.25,2010-10-26,2010-09-30
169,260108.OF,600118.SH,中国卫星,股票,3000000.0,81720000.0,,3.025004,2.29,2010-10-26,2010-09-30
170,260108.OF,600031.SH,三一重工,股票,3000000.0,87780000.0,,3.249326,2.46,2010-10-26,2010-09-30
171,260108.OF,128233.SZ,塔牌转债,债券,6980.0,948861.2,,22.963356,0.03,2010-10-26,2010-09-30
172,260108.OF,601818.SH,光大银行,股票,26765200.0,92607592.0,,3.428027,2.6,2010-10-26,2010-09-30
173,260108.OF,126630.SZ,铜陵转债,债券,23020.0,3183205.6,,77.036644,0.09,2010-10-26,2010-09-30
174,260108.OF,000937.SZ,冀中能源,股票,3155754.0,126387947.7,,3.683201,3.45,2011-01-21,2010-12-31
175,260108.OF,000933.SZ,神火股份,股票,4879207.0,122224135.35,,3.56186,3.34,2011-01-21,2010-12-31
176,260108.OF,000776.SZ,广发证券,股票,2222318.0,118093978.52,,3.441498,3.23,2011-01-21,2010-12-31
177,260108.OF,000630.SZ,铜陵有色,股票,4374100.0,153312205.0,,4.467829,4.19,2011-01-21,2010-12-31
178,260108.OF,000425.SZ,徐工机械,股票,3374461.0,193019169.2,,5.624971,5.28,2011-01-21,2010-12-31
179,260108.OF,601699.SH,潞安环能,股票,2212381.0,131946402.84,,3.845186,3.61,2011-01-21,2010-12-31
180,260108.OF,601318.SH,中国平安,股票,3187882.0,179031453.12,,5.21734,4.89,2011-01-21,2010-12-31
181,260108.OF,600739.SH,辽宁成大,股票,3813706.0,114868824.72,,3.347511,3.14,2011-01-21,2010-12-31
182,260108.OF,300124.SZ,汇川技术,股票,994370.0,139092475.6,,4.053437,3.8,2011-01-21,2010-12-31
183,260108.OF,128233.SZ,塔牌转债,债券,6980.0,1052444.4,,18.48948,0.03,2011-01-21,2010-12-31
184,260108.OF,601818.SH,光大银行,股票,26765200.0,105990192.0,,3.088769,2.9,2011-01-21,2010-12-31
185,260108.OF,126630.SZ,铜陵转债,债券,23020.0,4639681.0,,81.51052,0.13,2011-01-21,2010-12-31
186,260108.OF,000983.SZ,西山煤电,股票,3913017.0,103812341.01,,3.149467,2.99,2011-04-22,2011-03-31
187,260108.OF,000937.SZ,冀中能源,股票,3155754.0,147215924.1,,4.466248,4.23,2011-04-22,2011-03-31
188,260108.OF,000933.SZ,神火股份,股票,4879207.0,131104292.09,,3.977452,3.77,2011-04-22,2011-03-31
189,260108.OF,000878.SZ,云南铜业,股票,4742392.0,119745398.0,,3.632845,3.44,2011-04-22,2011-03-31
190,260108.OF,000630.SZ,铜陵有色,股票,5273100.0,147435876.0,,4.472921,4.24,2011-04-22,2011-03-31
191,260108.OF,601699.SH,潞安环能,股票,2212381.0,144468479.3,,4.382896,4.16,2011-04-22,2011-03-31
192,260108.OF,601318.SH,中国平安,股票,3187882.0,157672643.72,,4.783484,4.53,2011-04-22,2011-03-31
193,260108.OF,600739.SH,辽宁成大,股票,3813706.0,117462144.8,,3.563575,3.38,2011-04-22,2011-03-31
194,260108.OF,300124.SZ,汇川技术,股票,994370.0,130729823.9,,3.966091,3.76,2011-04-22,2011-03-31
195,260108.OF,601818.SH,光大银行,股票,40734249.0,156012173.67,,4.733109,4.49,2011-04-22,2011-03-31
196,260108.OF,000937.SZ,冀中能源,股票,6311508.0,159996727.8,,5.665611,5.06,2011-07-20,2011-06-30
197,260108.OF,000933.SZ,神火股份,股票,7806731.0,118740378.51,,4.204691,3.76,2011-07-20,2011-06-30
198,260108.OF,000878.SZ,云南铜业,股票,4742392.0,103905808.72,,3.679387,3.29,2011-07-20,2011-06-30
199,260108.OF,000630.SZ,铜陵有色,股票,5273100.0,127081710.0,,4.500064,4.02,2011-07-20,2011-06-30
200,260108.OF,601699.SH,潞安环能,股票,4424762.0,145176441.22,,5.140813,4.6,2011-07-20,2011-06-30
201,260108.OF,601318.SH,中国平安,股票,3187882.0,153879064.14,,5.44898,4.87,2011-07-20,2011-06-30
202,260108.OF,601166.SH,兴业银行,股票,10526699.0,141899902.52,,5.024788,4.49,2011-07-20,2011-06-30
203,260108.OF,600546.SH,山煤国际,股票,3131500.0,97671485.0,,3.458625,3.09,2011-07-20,2011-06-30
204,260108.OF,300124.SZ,汇川技术,股票,1988740.0,137024186.0,,4.852135,4.34,2011-07-20,2011-06-30
205,260108.OF,601818.SH,光大银行,股票,40734249.0,136459734.15,,4.832147,4.32,2011-07-20,2011-06-30
206,260108.OF,000937.SZ,冀中能源,股票,6311508.0,149014703.88,,5.854824,5.5,2011-10-24,2011-09-30
207,260108.OF,000933.SZ,神火股份,股票,6201575.0,88868569.75,,3.491667,3.28,2011-10-24,2011-09-30
208,260108.OF,000876.SZ,新希望,股票,4659982.0,89704653.5,,3.524517,3.31,2011-10-24,2011-09-30
209,260108.OF,000630.SZ,铜陵有色,股票,5200000.0,101140000.0,,3.973815,3.73,2011-10-24,2011-09-30
210,260108.OF,601699.SH,潞安环能,股票,4424762.0,129158802.78,,5.07468,4.77,2011-10-24,2011-09-30
211,260108.OF,601318.SH,中国平安,股票,3187882.0,107017198.74,,4.204731,3.95,2011-10-24,2011-09-30
212,260108.OF,601166.SH,兴业银行,股票,10526699.0,130425800.61,,5.124461,4.81,2011-10-24,2011-09-30
213,260108.OF,300157.SZ,恒泰艾普,股票,2912124.0,119397084.0,,4.69114,4.41,2011-10-24,2011-09-30
214,260108.OF,300124.SZ,汇川技术,股票,1988740.0,139510111.0,,5.481386,5.15,2011-10-24,2011-09-30
215,260108.OF,601818.SH,光大银行,股票,40734249.0,120166034.55,,4.721352,4.43,2011-10-24,2011-09-30
216,260108.OF,000937.SZ,冀中能源,股票,6311508.0,106412024.88,,4.992457,4.69,2012-01-20,2011-12-31
217,260108.OF,000878.SZ,云南铜业,股票,4742392.0,76352511.2,,3.582176,3.36,2012-01-20,2011-12-31
218,260108.OF,000876.SZ,新希望,股票,4659982.0,78054698.5,,3.662037,3.44,2012-01-20,2011-12-31
219,260108.OF,000630.SZ,铜陵有色,股票,5200000.0,87412000.0,,4.101047,3.85,2012-01-20,2011-12-31
220,260108.OF,601766.SH,中国南车,股票,19304779.0,83589693.07,,3.921718,3.68,2012-01-20,2011-12-31
221,260108.OF,601699.SH,潞安环能,股票,4424762.0,93627963.92,,4.392676,4.12,2012-01-20,2011-12-31
222,260108.OF,601318.SH,中国平安,股票,3187882.0,109790656.08,,5.15097,4.83,2012-01-20,2011-12-31
223,260108.OF,601166.SH,兴业银行,股票,10526699.0,131794271.48,,6.183298,5.8,2012-01-20,2011-12-31
224,260108.OF,300124.SZ,汇川技术,股票,1988740.0,107789708.0,,5.057093,4.75,2012-01-20,2011-12-31
225,260108.OF,601818.SH,光大银行,股票,40734249.0,117314637.12,,5.503967,5.17,2012-01-20,2011-12-31
226,260108.OF,000937.SZ,冀中能源,股票,6311508.0,108368592.36,,5.129554,4.75,2012-04-23,2012-03-31
227,260108.OF,000878.SZ,云南铜业,股票,4742392.0,77063870.0,,3.647766,3.38,2012-04-23,2012-03-31
228,260108.OF,000630.SZ,铜陵有色,股票,5200000.0,98540000.0,,4.664324,4.32,2012-04-23,2012-03-31
229,260108.OF,601699.SH,潞安环能,股票,4424762.0,108362421.38,,5.129261,4.75,2012-04-23,2012-03-31
230,260108.OF,601628.SH,中国人寿,股票,6213939.0,101597902.65,,4.809068,4.46,2012-04-23,2012-03-31
231,260108.OF,601601.SH,中国太保,股票,6104699.0,117759643.71,,5.574073,5.17,2012-04-23,2012-03-31
232,260108.OF,601318.SH,中国平安,股票,3187882.0,116612723.56,,5.519784,5.11,2012-04-23,2012-03-31
233,260108.OF,601166.SH,兴业银行,股票,10526699.0,140215630.68,,6.637011,6.15,2012-04-23,2012-03-31
234,260108.OF,600546.SH,山煤国际,股票,3131500.0,78851170.0,,3.732366,3.46,2012-04-23,2012-03-31
235,260108.OF,300124.SZ,汇川技术,股票,1988740.0,92734946.2,,4.389546,4.07,2012-04-23,2012-03-31
236,260108.OF,000568.SZ,泸州老窖,股票,2722394.0,115184490.14,,5.468963,5.14,2012-07-18,2012-06-30
237,260108.OF,000401.SZ,冀东水泥,股票,6850532.0,96318479.92,,4.573204,4.3,2012-07-18,2012-06-30
238,260108.OF,601628.SH,中国人寿,股票,6213939.0,113715083.7,,5.399196,5.07,2012-07-18,2012-06-30
239,260108.OF,601601.SH,中国太保,股票,6104699.0,135402223.82,,6.428902,6.04,2012-07-18,2012-06-30
240,260108.OF,601318.SH,中国平安,股票,3187882.0,145813722.68,,6.92324,6.51,2012-07-18,2012-06-30
241,260108.OF,600585.SH,海螺水泥,股票,6133394.0,90896899.08,,4.315788,4.06,2012-07-18,2012-06-30
242,260108.OF,600519.SH,贵州茅台,股票,346404.0,82842516.6,,3.933365,3.7,2012-07-18,2012-06-30
243,260108.OF,600383.SH,金地集团,股票,11930576.0,77310132.48,,3.670688,3.45,2012-07-18,2012-06-30
244,260108.OF,601336.SH,新华保险,股票,2573374.0,88112325.76,,4.183576,3.93,2012-07-18,2012-06-30
245,260108.OF,300124.SZ,汇川技术,股票,3579732.0,81617889.6,,3.87522,3.64,2012-07-18,2012-06-30
246,260108.OF,002311.SZ,海大集团,股票,2187155.0,35869342.0,,2.294683,1.8,2012-10-26,2012-09-30
247,260108.OF,002051.SZ,中工国际,股票,1312042.0,39203814.96,,2.508001,1.97,2012-10-26,2012-09-30
248,260108.OF,000069.SZ,华侨城A,股票,6630997.0,37133583.2,,2.375561,1.86,2012-10-26,2012-09-30
249,260108.OF,601628.SH,中国人寿,股票,2903788.0,54881593.2,,3.510961,2.75,2012-10-26,2012-09-30
250,260108.OF,601318.SH,中国平安,股票,1210307.0,50760275.58,,3.247306,2.55,2012-10-26,2012-09-30
251,260108.OF,601166.SH,兴业银行,股票,3229840.0,38790378.4,,2.481552,1.95,2012-10-26,2012-09-30
252,260108.OF,600519.SH,贵州茅台,股票,231370.0,56870746.0,,3.638214,2.85,2012-10-26,2012-09-30
253,260108.OF,600221.SH,海南航空,股票,10800000.0,41364000.0,,2.646195,2.07,2012-10-26,2012-09-30
254,260108.OF,601607.SH,上海医药,股票,3019100.0,35595189.0,,2.277145,1.79,2012-10-26,2012-09-30
255,260108.OF,300124.SZ,汇川技术,股票,2200000.0,41690000.0,,2.66705,2.09,2012-10-26,2012-09-30
256,260108.OF,002429.SZ,兆驰股份,股票,3442011.0,44436362.01,,2.734645,2.21,2013-01-21,2012-12-31
257,260108.OF,002385.SZ,大北农,股票,1974052.0,42639523.2,,2.624066,2.12,2013-01-21,2012-12-31
258,260108.OF,002311.SZ,海大集团,股票,2187155.0,37400350.5,,2.301644,1.86,2013-01-21,2012-12-31
259,260108.OF,000059.SZ,辽通化工,股票,5861508.0,39916869.48,,2.456512,1.99,2013-01-21,2012-12-31
260,260108.OF,000024.SZ,招商地产,股票,1568264.0,46875410.96,,2.884746,2.34,2013-01-21,2012-12-31
261,260108.OF,601166.SH,兴业银行,股票,3229840.0,53906029.6,,3.317415,2.69,2013-01-21,2012-12-31
262,260108.OF,600637.SH,百视通,股票,2815823.0,44687111.01,,2.750076,2.23,2013-01-21,2012-12-31
263,260108.OF,600221.SH,海南航空,股票,10800000.0,44604000.0,,2.744962,2.22,2013-01-21,2012-12-31
264,260108.OF,300146.SZ,汤臣倍健,股票,916785.0,53356887.0,,3.28362,2.66,2013-01-21,2012-12-31
265,260108.OF,300124.SZ,汇川技术,股票,2200000.0,52690000.0,,3.24258,2.63,2013-01-21,2012-12-31
266,260108.OF,002311.SZ,海大集团,股票,2770133.0,47396975.63,,2.562121,2.21,2013-04-19,2013-03-31
267,260108.OF,002273.SZ,水晶光电,股票,1700165.0,60491870.7,,3.269987,2.82,2013-04-19,2013-03-31
268,260108.OF,000826.SZ,桑德环境,股票,1657094.0,47243749.94,,2.553838,2.2,2013-04-19,2013-03-31
269,260108.OF,600637.SH,百视通,股票,2815823.0,46967927.64,,2.538928,2.19,2013-04-19,2013-03-31
270,260108.OF,600518.SH,康美药业,股票,2635796.0,46231861.84,,2.499139,2.15,2013-04-19,2013-03-31
271,260108.OF,600221.SH,海南航空,股票,10800000.0,46980000.0,,2.539581,2.19,2013-04-19,2013-03-31
272,260108.OF,002663.SZ,普邦园林,股票,1572170.0,44177977.0,,2.388113,2.06,2013-04-19,2013-03-31
273,260108.OF,300197.SZ,铁汉生态,股票,1256591.0,49635344.5,,2.68312,2.31,2013-04-19,2013-03-31
274,260108.OF,300124.SZ,汇川技术,股票,2200000.0,57354000.0,,3.100364,2.67,2013-04-19,2013-03-31
275,260108.OF,002456.SZ,欧菲光,股票,958406.0,60243044.16,,3.256536,2.81,2013-04-19,2013-03-31
276,260108.OF,002305.SZ,南国置业,股票,5782298.0,47703958.5,,2.941602,2.22,2013-07-19,2013-06-30
277,260108.OF,002230.SZ,科大讯飞,股票,1286530.0,59437686.0,,3.665147,2.77,2013-07-19,2013-06-30
278,260108.OF,002081.SZ,金螳螂,股票,2092009.0,59559496.23,,3.672658,2.78,2013-07-19,2013-06-30
279,260108.OF,000826.SZ,桑德环境,股票,1657094.0,53474423.38,,3.29743,2.49,2013-07-19,2013-06-30
280,260108.OF,000661.SZ,长春高新,股票,558202.0,54653557.82,,3.37014,2.55,2013-07-19,2013-06-30
281,260108.OF,600518.SH,康美药业,股票,2635796.0,50686357.08,,3.125507,2.36,2013-07-19,2013-06-30
282,260108.OF,130311.IB,13进出11,债券,500000.0,49625000.0,,49.949673,2.31,2013-07-19,2013-06-30
283,260108.OF,130201.IB,13国开01,债券,500000.0,49725000.0,,50.050327,2.32,2013-07-19,2013-06-30
284,260108.OF,002663.SZ,普邦园林,股票,3144340.0,47385203.8,,2.921946,2.21,2013-07-19,2013-06-30
285,260108.OF,300197.SZ,铁汉生态,股票,1884886.0,47668766.94,,2.939432,2.22,2013-07-19,2013-06-30
286,260108.OF,300157.SZ,恒泰艾普,股票,1386446.0,47943302.68,,2.956361,2.23,2013-07-19,2013-06-30
287,260108.OF,300124.SZ,汇川技术,股票,1476614.0,51666723.86,,3.18596,2.41,2013-07-19,2013-06-30
288,260108.OF,300058.SZ,蓝色光标,股票,1343396.0,90007532.0,,4.160101,3.82,2013-10-24,2013-09-30
289,260108.OF,300005.SZ,探路者,股票,4214368.0,63004801.6,,2.912049,2.67,2013-10-24,2013-09-30
290,260108.OF,300002.SZ,神州泰岳,股票,1683898.0,64678522.18,,2.989407,2.74,2013-10-24,2013-09-30
291,260108.OF,002416.SZ,爱施德,股票,2533987.0,61043746.83,,2.82141,2.59,2013-10-24,2013-09-30
292,260108.OF,002024.SZ,苏宁云商,股票,9738074.0,125134250.9,,5.783639,5.31,2013-10-24,2013-09-30
293,260108.OF,600633.SH,浙报传媒,股票,1644245.0,80074731.5,,3.701012,3.4,2013-10-24,2013-09-30
294,260108.OF,600535.SH,天士力,股票,1360925.0,61268843.5,,2.831814,2.6,2013-10-24,2013-09-30
295,260108.OF,128002.SZ,东华转债,债券,30462.0,3785482.28,,3.666132,0.16,2013-10-24,2013-09-30
296,260108.OF,130311.IB,13进出11,债券,500000.0,49595000.0,,48.031348,2.1,2013-10-24,2013-09-30
297,260108.OF,130201.IB,13国开01,债券,500000.0,49875000.0,,48.30252,2.12,2013-10-24,2013-09-30
298,260108.OF,300146.SZ,汤臣倍健,股票,938117.0,61915722.0,,2.861712,2.63,2013-10-24,2013-09-30
299,260108.OF,300144.SZ,宋城股份,股票,4183608.0,85596619.68,,3.956231,3.63,2013-10-24,2013-09-30
300,260108.OF,300124.SZ,汇川技术,股票,1315613.0,65609620.31,,3.032442,2.78,2013-10-24,2013-09-30
301,260108.OF,002385.SZ,大北农,股票,5690909.0,93046362.15,,6.223024,4.37,2014-01-20,2013-12-31
302,260108.OF,002023.SZ,海特高新,股票,4561420.0,78182738.8,,5.228932,3.67,2014-01-20,2013-12-31
303,260108.OF,000651.SZ,格力电器,股票,2904493.0,94860741.38,,6.344371,4.45,2014-01-20,2013-12-31
304,260108.OF,000550.SZ,江铃汽车,股票,2429080.0,61722922.8,,4.128084,2.9,2014-01-20,2013-12-31
305,260108.OF,601877.SH,正泰电器,股票,3050898.0,75906342.24,,5.076684,3.56,2014-01-20,2013-12-31
306,260108.OF,601006.SH,大秦铁路,股票,10866468.0,80303198.52,,5.37075,3.77,2014-01-20,2013-12-31
307,260108.OF,600983.SH,合肥三洋,股票,3781168.0,56830955.04,,3.800905,2.67,2014-01-20,2013-12-31
308,260108.OF,600104.SH,上汽集团,股票,4001976.0,56587940.64,,3.784652,2.66,2014-01-20,2013-12-31
309,260108.OF,000333.SZ,美的集团,股票,1348945.0,67447250.0,,4.510933,3.17,2014-01-20,2013-12-31
310,260108.OF,130311.IB,13进出11,债券,500000.0,49540000.0,,49.771437,2.33,2014-01-20,2013-12-31
311,260108.OF,130201.IB,13国开01,债券,500000.0,49995000.0,,50.228563,2.35,2014-01-20,2013-12-31
312,260108.OF,002701.SZ,奥瑞金,股票,1591600.0,60910532.0,,4.073751,2.86,2014-01-20,2013-12-31
313,260108.OF,300058.SZ,蓝色光标,股票,1392088.0,69604400.0,,5.675937,3.78,2014-04-22,2014-03-31
314,260108.OF,002385.SZ,大北农,股票,5690909.0,69201453.44,,5.643078,3.75,2014-04-22,2014-03-31
315,260108.OF,002376.SZ,新北洋,股票,4698865.0,49197116.55,,4.011811,2.67,2014-04-22,2014-03-31
316,260108.OF,002148.SZ,北纬通信,股票,1289378.0,59891608.1,,4.883901,3.25,2014-04-22,2014-03-31
317,260108.OF,002023.SZ,海特高新,股票,4561420.0,65866904.8,,5.37116,3.57,2014-04-22,2014-03-31
318,260108.OF,000977.SZ,浪潮信息,股票,1380408.0,59011845.32,,4.81216,3.2,2014-04-22,2014-03-31
319,260108.OF,000541.SZ,佛山照明,股票,5590515.0,57805925.1,,4.713822,3.14,2014-04-22,2014-03-31
320,260108.OF,300157.SZ,恒泰艾普,股票,2931091.0,60058054.59,,4.897474,3.26,2014-04-22,2014-03-31
321,260108.OF,300142.SZ,沃森生物,股票,1419689.0,64879787.3,,5.290665,3.52,2014-04-22,2014-03-31
322,260108.OF,300124.SZ,汇川技术,股票,743249.0,52792976.47,,4.305038,2.86,2014-04-22,2014-03-31
323,260108.OF,002385.SZ,大北农,股票,5054259.0,57416382.24,,4.477945,3.2,2014-07-19,2014-06-30
324,260108.OF,002048.SZ,宁波华翔,股票,3703363.0,55180108.7,,4.303536,3.08,2014-07-19,2014-06-30
325,260108.OF,002023.SZ,海特高新,股票,3331276.0,63627371.6,,4.962344,3.55,2014-07-19,2014-06-30
326,260108.OF,000977.SZ,浪潮信息,股票,2129644.0,52474428.16,,4.092518,2.93,2014-07-19,2014-06-30
327,260108.OF,000541.SZ,佛山照明,股票,6362276.0,63368268.96,,4.942137,3.54,2014-07-19,2014-06-30
328,260108.OF,000538.SZ,云南白药,股票,1699041.0,88689940.2,,6.916992,4.95,2014-07-19,2014-06-30
329,260108.OF,600438.SH,通威股份,股票,4971105.0,47175786.45,,3.679273,2.63,2014-07-19,2014-06-30
330,260108.OF,600352.SH,浙江龙盛,股票,3467013.0,55992259.95,,4.366876,3.12,2014-07-19,2014-06-30
331,260108.OF,600079.SH,人福医药,股票,2358749.0,70408657.65,,5.491221,3.93,2014-07-19,2014-06-30
332,260108.OF,600050.SH,中国联通,股票,17618129.0,56906556.67,,4.438183,3.18,2014-07-19,2014-06-30
333,260108.OF,002385.SZ,大北农,股票,5925641.0,81714589.39,,4.840323,4.35,2014-10-24,2014-09-30
334,260108.OF,002048.SZ,宁波华翔,股票,3348591.0,57796680.66,,3.423558,3.07,2014-10-24,2014-09-30
335,260108.OF,002023.SZ,海特高新,股票,2391504.0,56606899.68,,3.353082,3.01,2014-10-24,2014-09-30
336,260108.OF,000977.SZ,浪潮信息,股票,2129644.0,67616197.0,,4.005212,3.6,2014-10-24,2014-09-30
337,260108.OF,000612.SZ,焦作万方,股票,8501470.0,88075229.2,,5.217093,4.68,2014-10-24,2014-09-30
338,260108.OF,600983.SH,合肥三洋,股票,3890484.0,55167063.12,,3.267794,2.93,2014-10-24,2014-09-30
339,260108.OF,600742.SH,一汽富维,股票,2534572.0,70106261.52,,4.15271,3.73,2014-10-24,2014-09-30
340,260108.OF,600000.SH,浦发银行,股票,5454159.0,53178050.25,,3.149976,2.83,2014-10-24,2014-09-30
341,260108.OF,128008.SZ,齐峰转债,债券,52459.0,5245900.0,,100.0,0.28,2014-10-24,2014-09-30
342,260108.OF,603766.SH,隆鑫通用,股票,3629321.0,61008886.01,,3.613831,3.24,2014-10-24,2014-09-30
343,260108.OF,002450.SZ,康得新,股票,1945606.0,60547258.72,,3.586487,3.22,2014-10-24,2014-09-30
344,260108.OF,300058.SZ,蓝色光标,股票,2921314.0,61698151.68,,4.138567,3.63,2015-01-22,2014-12-31
345,260108.OF,300011.SZ,鼎汉技术,股票,3330702.0,67446715.5,,4.524167,3.97,2015-01-22,2014-12-31
346,260108.OF,002400.SZ,省广股份,股票,2860863.0,61994901.21,,4.158472,3.65,2015-01-22,2014-12-31
347,260108.OF,000977.SZ,浪潮信息,股票,2129644.0,79606092.72,,5.33979,4.68,2015-01-22,2014-12-31
348,260108.OF,000069.SZ,华侨城A,股票,11991793.0,98932292.25,,6.636146,5.82,2015-01-22,2014-12-31
349,260108.OF,000002.SZ,万科A,股票,10796026.0,150064761.4,,10.065992,8.83,2015-01-22,2014-12-31
350,260108.OF,601601.SH,中国太保,股票,1854800.0,59910040.0,,4.018625,3.52,2015-01-22,2014-12-31
351,260108.OF,601318.SH,中国平安,股票,1586106.0,118497979.26,,7.948566,6.97,2015-01-22,2014-12-31
352,260108.OF,600048.SH,保利地产,股票,5869500.0,63507990.0,,4.259967,3.74,2015-01-22,2014-12-31
353,260108.OF,601336.SH,新华保险,股票,1221000.0,60512760.0,,4.059054,3.56,2015-01-22,2014-12-31
354,260108.OF,300058.SZ,蓝色光标,股票,2921314.0,106481895.3,,5.999287,5.41,2015-04-21,2015-03-31
355,260108.OF,002400.SZ,省广股份,股票,2860863.0,117238165.74,,6.605305,5.96,2015-04-21,2015-03-31
356,260108.OF,002055.SZ,得润电子,股票,2826242.0,96063965.58,,5.412332,4.88,2015-04-21,2015-03-31
357,260108.OF,000977.SZ,浪潮信息,股票,2129644.0,124903620.6,,7.037184,6.35,2015-04-21,2015-03-31
358,260108.OF,000069.SZ,华侨城A,股票,11991793.0,115720802.45,,6.519816,5.88,2015-04-21,2015-03-31
359,260108.OF,000002.SZ,万科A,股票,6690599.0,92464078.18,,5.209511,4.7,2015-04-21,2015-03-31
360,260108.OF,601628.SH,中国人寿,股票,2362398.0,87526845.9,,4.931342,4.45,2015-04-21,2015-03-31
361,260108.OF,601601.SH,中国太保,股票,2411220.0,81740358.0,,4.605326,4.15,2015-04-21,2015-03-31
362,260108.OF,601318.SH,中国平安,股票,1586106.0,124096933.44,,6.991735,6.31,2015-04-21,2015-03-31
363,260108.OF,601336.SH,新华保险,股票,1554200.0,82388142.0,,4.641823,4.19,2015-04-21,2015-03-31
364,260108.OF,300032.SZ,金龙机电,股票,1800000.0,61776000.0,,5.139879,4.78,2015-07-18,2015-06-30
365,260108.OF,002311.SZ,海大集团,股票,4900000.0,67571000.0,,5.622033,5.23,2015-07-18,2015-06-30
366,260108.OF,002303.SZ,美盈森,股票,1999932.0,75557430.96,,6.286519,5.85,2015-07-18,2015-06-30
367,260108.OF,002251.SZ,步步高,股票,3299922.0,80518096.8,,6.699256,6.23,2015-07-18,2015-06-30
368,260108.OF,002215.SZ,诺普信,股票,3299856.0,56922516.0,,4.73606,4.41,2015-07-18,2015-06-30
369,260108.OF,002081.SZ,金螳螂,股票,1999945.0,56378449.55,,4.690792,4.37,2015-07-18,2015-06-30
370,260108.OF,000958.SZ,东方能源,股票,2500000.0,77125000.0,,6.416944,5.97,2015-07-18,2015-06-30
371,260108.OF,600525.SH,长园集团,股票,3000000.0,61710000.0,,5.134387,4.78,2015-07-18,2015-06-30
372,260108.OF,002572.SZ,索菲亚,股票,3000000.0,115890000.0,,9.642264,8.97,2015-07-18,2015-06-30
373,260108.OF,300124.SZ,汇川技术,股票,1499872.0,71993856.0,,5.990023,5.57,2015-07-18,2015-06-30
374,260108.OF,002311.SZ,海大集团,股票,4900000.0,57967000.0,,7.695988,5.64,2015-10-27,2015-09-30
375,260108.OF,002251.SZ,步步高,股票,3299922.0,45307929.06,,6.015307,4.41,2015-10-27,2015-09-30
376,260108.OF,002250.SZ,联化科技,股票,2000000.0,35800000.0,,4.752987,3.48,2015-10-27,2015-09-30
377,260108.OF,002215.SZ,诺普信,股票,3299856.0,39796263.36,,5.28355,3.87,2015-10-27,2015-09-30
378,260108.OF,000958.SZ,东方能源,股票,2303090.0,60801576.0,,8.072321,5.91,2015-10-27,2015-09-30
379,260108.OF,600804.SH,鹏博士,股票,1999911.0,43058083.83,,5.716606,4.19,2015-10-27,2015-09-30
380,260108.OF,600525.SH,长园集团,股票,2400000.0,36000000.0,,4.77954,3.5,2015-10-27,2015-09-30
381,260108.OF,002616.SZ,长青集团,股票,2296901.0,52300435.77,,6.943667,5.09,2015-10-27,2015-09-30
382,260108.OF,002572.SZ,索菲亚,股票,2200000.0,84304000.0,,11.19262,8.2,2015-10-27,2015-09-30
383,260108.OF,300145.SZ,南方泵业,股票,1999974.0,66899130.3,,8.881862,6.51,2015-10-27,2015-09-30
384,260108.OF,300048.SZ,合康变频,股票,1713101.0,36300610.19,,3.738183,3.16,2016-01-21,2015-12-31
385,260108.OF,002311.SZ,海大集团,股票,4900000.0,68453000.0,,7.049188,5.96,2016-01-21,2015-12-31
386,260108.OF,002250.SZ,联化科技,股票,2400000.0,45288000.0,,4.663691,3.94,2016-01-21,2015-12-31
387,260108.OF,002174.SZ,游族网络,股票,400000.0,37292000.0,,3.840275,3.24,2016-01-21,2015-12-31
388,260108.OF,000958.SZ,东方能源,股票,2303090.0,59235474.8,,6.099981,5.15,2016-01-21,2015-12-31
389,260108.OF,600804.SH,鹏博士,股票,2375011.0,56335260.92,,5.801322,4.9,2016-01-21,2015-12-31
390,260108.OF,600201.SH,生物股份,股票,1051128.0,38860202.16,,4.001766,3.38,2016-01-21,2015-12-31
391,260108.OF,002616.SZ,长青集团,股票,2296901.0,61166473.63,,6.298833,5.32,2016-01-21,2015-12-31
392,260108.OF,002572.SZ,索菲亚,股票,1550796.0,66839307.6,,6.883013,5.81,2016-01-21,2015-12-31
393,260108.OF,300145.SZ,南方泵业,股票,1200000.0,57144000.0,,5.884604,4.97,2016-01-21,2015-12-31
394,260108.OF,002311.SZ,海大集团,股票,4900000.0,79674000.0,,8.898857,7.98,2016-04-20,2016-03-31
395,260108.OF,002303.SZ,美盈森,股票,2989920.0,32739624.0,,3.656716,3.28,2016-04-20,2016-03-31
396,260108.OF,002236.SZ,大华股份,股票,950800.0,34266832.0,,3.827292,3.43,2016-04-20,2016-03-31
397,260108.OF,000568.SZ,泸州老窖,股票,1263229.0,31138594.85,,3.477896,3.12,2016-04-20,2016-03-31
398,260108.OF,600804.SH,鹏博士,股票,2375011.0,50421483.53,,5.631618,5.05,2016-04-20,2016-03-31
399,260108.OF,600201.SH,生物股份,股票,1481078.0,45824553.32,,5.118183,4.59,2016-04-20,2016-03-31
400,260108.OF,002672.SZ,东江环保,股票,1779250.0,29660097.5,,3.312761,2.97,2016-04-20,2016-03-31
401,260108.OF,002616.SZ,长青集团,股票,2557801.0,50286367.66,,5.616527,5.04,2016-04-20,2016-03-31
402,260108.OF,002572.SZ,索菲亚,股票,1550796.0,66963371.28,,7.479196,6.71,2016-04-20,2016-03-31
403,260108.OF,300145.SZ,南方泵业,股票,1187254.0,46599719.5,,5.204762,4.67,2016-04-20,2016-03-31
404,260108.OF,300017.SZ,网宿科技,股票,699979.0,47038588.8,,5.426236,4.57,2016-07-21,2016-06-30
405,260108.OF,002311.SZ,海大集团,股票,4900000.0,77273000.0,,8.91399,7.5,2016-07-21,2016-06-30
406,260108.OF,002303.SZ,美盈森,股票,2989920.0,36746116.8,,4.238926,3.57,2016-07-21,2016-06-30
407,260108.OF,000568.SZ,泸州老窖,股票,1263229.0,37517901.3,,4.327957,3.64,2016-07-21,2016-06-30
408,260108.OF,600566.SH,济川药业,股票,1999958.0,51478918.92,,5.938459,5.0,2016-07-21,2016-06-30
409,260108.OF,603899.SH,晨光文具,股票,1879799.0,33272442.3,,3.838213,3.23,2016-07-21,2016-06-30
410,260108.OF,002616.SZ,长青集团,股票,2557801.0,52946480.7,,6.107753,5.14,2016-07-21,2016-06-30
411,260108.OF,002572.SZ,索菲亚,股票,1550796.0,86875591.92,,10.021717,8.43,2016-07-21,2016-06-30
412,260108.OF,300145.SZ,中金环境,股票,1500000.0,32820000.0,,3.78602,3.19,2016-07-21,2016-06-30
413,260108.OF,002475.SZ,立讯精密,股票,1782762.0,35031273.3,,4.041107,3.4,2016-07-21,2016-06-30
414,260108.OF,300017.SZ,网宿科技,股票,760037.0,53050582.6,,6.020676,5.04,2016-10-25,2016-09-30
415,260108.OF,002311.SZ,海大集团,股票,4900000.0,81193000.0,,9.21454,7.72,2016-10-25,2016-09-30
416,260108.OF,002236.SZ,大华股份,股票,2856000.0,44296560.0,,5.027188,4.21,2016-10-25,2016-09-30
417,260108.OF,000625.SZ,长安汽车,股票,3325879.0,52781699.73,,5.99016,5.02,2016-10-25,2016-09-30
418,260108.OF,000418.SZ,小天鹅A,股票,1537708.0,51205676.4,,5.811299,4.87,2016-10-25,2016-09-30
419,260108.OF,000063.SZ,中兴通讯,股票,2828960.0,41812028.8,,4.74522,3.98,2016-10-25,2016-09-30
420,260108.OF,600566.SH,济川药业,股票,2518369.0,75274049.41,,8.542802,7.16,2016-10-25,2016-09-30
421,260108.OF,603899.SH,晨光文具,股票,2879766.0,52152562.26,,5.91876,4.96,2016-10-25,2016-09-30
422,260108.OF,002572.SZ,索菲亚,股票,1550796.0,95963256.48,,10.890807,9.12,2016-10-25,2016-09-30
423,260108.OF,002475.SZ,立讯精密,股票,1782762.0,36047447.64,,4.091001,3.43,2016-10-25,2016-09-30
424,260108.OF,300017.SZ,网宿科技,股票,917737.0,49199880.57,,5.756603,4.96,2017-01-19,2016-12-31
425,260108.OF,002311.SZ,海大集团,股票,4900000.0,73745000.0,,8.62849,7.44,2017-01-19,2016-12-31
426,260108.OF,000625.SZ,长安汽车,股票,3325879.0,49688632.26,,5.813789,5.01,2017-01-19,2016-12-31
427,260108.OF,000568.SZ,泸州老窖,股票,1477800.0,48767400.0,,5.706001,4.92,2017-01-19,2016-12-31
428,260108.OF,000418.SZ,小天鹅A,股票,1745208.0,56405122.56,,6.599648,5.69,2017-01-19,2016-12-31
429,260108.OF,600566.SH,济川药业,股票,2518369.0,78724214.94,,9.21108,7.94,2017-01-19,2016-12-31
430,260108.OF,603899.SH,晨光文具,股票,2879766.0,52411741.2,,6.132404,5.28,2017-01-19,2016-12-31
431,260108.OF,000333.SZ,美的集团,股票,1708722.0,48134698.74,,5.631972,4.85,2017-01-19,2016-12-31
432,260108.OF,002572.SZ,索菲亚,股票,1550796.0,83991111.36,,9.82733,8.47,2017-01-19,2016-12-31
433,260108.OF,300124.SZ,汇川技术,股票,1999984.0,40659674.72,,4.757361,4.1,2017-01-19,2016-12-31
434,260108.OF,002311.SZ,海大集团,股票,4900000.0,80997000.0,,8.916685,7.57,2017-04-24,2017-03-31
435,260108.OF,000651.SZ,格力电器,股票,1704800.0,54042160.0,,5.949318,5.05,2017-04-24,2017-03-31
436,260108.OF,000568.SZ,泸州老窖,股票,2000000.0,84380000.0,,9.289109,7.89,2017-04-24,2017-03-31
437,260108.OF,000423.SZ,东阿阿胶,股票,840786.0,55155561.6,,6.071889,5.16,2017-04-24,2017-03-31
438,260108.OF,000418.SZ,小天鹅A,股票,1745208.0,73176571.44,,8.055761,6.84,2017-04-24,2017-03-31
439,260108.OF,600566.SH,济川药业,股票,2518369.0,84843851.61,,9.340172,7.93,2017-04-24,2017-03-31
440,260108.OF,600519.SH,贵州茅台,股票,140009.0,54093877.24,,5.955012,5.06,2017-04-24,2017-03-31
441,260108.OF,603899.SH,晨光文具,股票,2879766.0,51317430.12,,5.649362,4.8,2017-04-24,2017-03-31
442,260108.OF,000333.SZ,美的集团,股票,1708722.0,56900442.6,,6.263977,5.32,2017-04-24,2017-03-31
443,260108.OF,002572.SZ,索菲亚,股票,1387845.0,95622520.5,,10.52676,8.94,2017-04-24,2017-03-31
444,260108.OF,002311.SZ,海大集团,股票,5991988.0,109473620.76,,7.953296,6.89,2017-07-20,2017-06-30
445,260108.OF,000858.SZ,五粮液,股票,1999917.0,111315380.22,,8.0871,7.01,2017-07-20,2017-06-30
446,260108.OF,000651.SZ,格力电器,股票,2432500.0,100146025.0,,7.275643,6.31,2017-07-20,2017-06-30
447,260108.OF,000568.SZ,泸州老窖,股票,2489500.0,125918910.0,,9.148052,7.93,2017-07-20,2017-06-30
448,260108.OF,000423.SZ,东阿阿胶,股票,1169286.0,84059970.54,,6.106986,5.29,2017-07-20,2017-06-30
449,260108.OF,000418.SZ,小天鹅A,股票,2568808.0,120194526.32,,8.732173,7.57,2017-07-20,2017-06-30
450,260108.OF,600566.SH,济川药业,股票,2892769.0,110012005.07,,7.99241,6.93,2017-07-20,2017-06-30
451,260108.OF,600519.SH,贵州茅台,股票,180336.0,85091541.6,,6.18193,5.36,2017-07-20,2017-06-30
452,260108.OF,603899.SH,晨光文具,股票,4514266.0,78548228.4,,5.706556,4.95,2017-07-20,2017-06-30
453,260108.OF,000333.SZ,美的集团,股票,2445987.0,105275280.48,,7.648285,6.63,2017-07-20,2017-06-30
454,260108.OF,002311.SZ,海大集团,股票,4300000.0,79421000.0,,6.34273,5.84,2017-10-25,2017-09-30
455,260108.OF,000858.SZ,五粮液,股票,1200000.0,68736000.0,,5.489403,5.06,2017-10-25,2017-09-30
456,260108.OF,000651.SZ,格力电器,股票,2432500.0,92191750.0,,7.362629,6.78,2017-10-25,2017-09-30
457,260108.OF,000568.SZ,泸州老窖,股票,2250000.0,126225000.0,,10.080596,9.29,2017-10-25,2017-09-30
458,260108.OF,000418.SZ,小天鹅A,股票,2568808.0,116829387.84,,9.330243,8.59,2017-10-25,2017-09-30
459,260108.OF,600566.SH,济川药业,股票,2892769.0,106627465.34,,8.515496,7.84,2017-10-25,2017-09-30
460,260108.OF,600519.SH,贵州茅台,股票,180336.0,93349127.04,,7.455059,6.87,2017-10-25,2017-09-30
461,260108.OF,603899.SH,晨光文具,股票,5150045.0,107223936.9,,8.563131,7.89,2017-10-25,2017-09-30
462,260108.OF,000333.SZ,美的集团,股票,2100000.0,92799000.0,,7.411125,6.83,2017-10-25,2017-09-30
463,260108.OF,002714.SZ,牧原股份,股票,2299948.0,85259072.36,,6.80897,6.27,2017-10-25,2017-09-30
464,260108.OF,002311.SZ,海大集团,股票,5883500.0,137673900.0,,7.657865,6.95,2018-01-22,2017-12-31
465,260108.OF,000651.SZ,格力电器,股票,3378500.0,147640450.0,,8.212236,7.45,2018-01-22,2017-12-31
466,260108.OF,000596.SZ,古井贡酒,股票,1864256.0,122425691.52,,6.80971,6.18,2018-01-22,2017-12-31
467,260108.OF,000568.SZ,泸州老窖,股票,2250000.0,148500000.0,,8.260047,7.49,2018-01-22,2017-12-31
468,260108.OF,000418.SZ,小天鹅A,股票,2568808.0,174293622.8,,9.694771,8.79,2018-01-22,2017-12-31
469,260108.OF,600566.SH,济川药业,股票,4082445.0,155745276.75,,8.663053,7.86,2018-01-22,2017-12-31
470,260108.OF,600519.SH,贵州茅台,股票,221836.0,154728391.64,,8.60649,7.81,2018-01-22,2017-12-31
471,260108.OF,603899.SH,晨光文具,股票,6217548.0,153324733.68,,8.528414,7.74,2018-01-22,2017-12-31
472,260108.OF,002714.SZ,牧原股份,股票,2600648.0,137470253.28,,7.646537,6.94,2018-01-22,2017-12-31
473,260108.OF,002572.SZ,索菲亚,股票,3699924.0,136157203.2,,7.573501,6.87,2018-01-22,2017-12-31
474,260108.OF,002311.SZ,海大集团,股票,9000000.0,217620000.0,,7.126804,6.71,2018-04-21,2018-03-31
475,260108.OF,002304.SZ,洋河股份,股票,2349548.0,253727688.52,,8.309289,7.82,2018-04-21,2018-03-31
476,260108.OF,000651.SZ,格力电器,股票,4189300.0,196478170.0,,6.434434,6.06,2018-04-21,2018-03-31
477,260108.OF,000568.SZ,泸州老窖,股票,4562577.0,258926244.75,,8.479536,7.98,2018-04-21,2018-03-31
478,260108.OF,600566.SH,济川药业,股票,5304020.0,243878839.6,,7.986751,7.52,2018-04-21,2018-03-31
479,260108.OF,600519.SH,贵州茅台,股票,384609.0,262926404.58,,8.610537,8.11,2018-04-21,2018-03-31
480,260108.OF,603899.SH,晨光文具,股票,8941423.0,274591100.33,,8.992542,8.47,2018-04-21,2018-03-31
481,260108.OF,000333.SZ,美的集团,股票,4291322.0,234005788.66,,7.66342,7.21,2018-04-21,2018-03-31
482,260108.OF,002714.SZ,牧原股份,股票,4479620.0,202837193.6,,6.642684,6.25,2018-04-21,2018-03-31
483,260108.OF,002572.SZ,索菲亚,股票,5824720.0,199613154.4,,6.537101,6.15,2018-04-21,2018-03-31
484,260108.OF,002311.SZ,海大集团,股票,11899960.0,251089156.0,,6.686889,6.32,2018-07-18,2018-06-30
485,260108.OF,002304.SZ,洋河股份,股票,2349548.0,309200516.8,,8.234483,7.78,2018-07-18,2018-06-30
486,260108.OF,000651.SZ,格力电器,股票,5250000.0,247537500.0,,6.592303,6.23,2018-07-18,2018-06-30
487,260108.OF,000596.SZ,古井贡酒,股票,3391146.0,301065941.88,,8.017847,7.57,2018-07-18,2018-06-30
488,260108.OF,000568.SZ,泸州老窖,股票,4562577.0,277678436.22,,7.395002,6.99,2018-07-18,2018-06-30
489,260108.OF,600566.SH,济川药业,股票,5644695.0,272017852.05,,7.244252,6.84,2018-07-18,2018-06-30
490,260108.OF,600519.SH,贵州茅台,股票,409809.0,299758891.14,,7.983038,7.54,2018-07-18,2018-06-30
491,260108.OF,300498.SZ,温氏股份,股票,14500065.0,319291431.3,,8.50322,8.03,2018-07-18,2018-06-30
492,260108.OF,603899.SH,晨光文具,股票,8941423.0,283353694.87,,7.546143,7.13,2018-07-18,2018-06-30
493,260108.OF,000333.SZ,美的集团,股票,5026422.0,262479756.84,,6.990238,6.6,2018-07-18,2018-06-30
494,260108.OF,002311.SZ,海大集团,股票,14233203.0,309429833.22,,8.311285,7.85,2018-10-26,2018-09-30
495,260108.OF,002304.SZ,洋河股份,股票,2661196.0,340633088.0,,9.149404,8.65,2018-10-26,2018-09-30
496,260108.OF,000651.SZ,格力电器,股票,7000000.0,281400000.0,,7.558403,7.14,2018-10-26,2018-09-30
497,260108.OF,000596.SZ,古井贡酒,股票,3438946.0,286223475.58,,7.687962,7.26,2018-10-26,2018-09-30
498,260108.OF,000568.SZ,泸州老窖,股票,7149997.0,339696357.47,,9.124243,8.62,2018-10-26,2018-09-30
499,260108.OF,600566.SH,济川药业,股票,7013610.0,276266097.9,,7.420507,7.01,2018-10-26,2018-09-30
500,260108.OF,600519.SH,贵州茅台,股票,454709.0,331937570.0,,8.915842,8.43,2018-10-26,2018-09-30
501,260108.OF,300498.SZ,温氏股份,股票,13500065.0,313471509.3,,8.419844,7.96,2018-10-26,2018-09-30
502,260108.OF,603899.SH,晨光文具,股票,8941423.0,277631184.15,,7.457173,7.05,2018-10-26,2018-09-30
503,260108.OF,000333.SZ,美的集团,股票,5026422.0,211461573.54,,5.679857,5.37,2018-10-26,2018-09-30
504,260108.OF,002311.SZ,海大集团,股票,14233203.0,329783313.51,,9.59286,9.04,2019-01-21,2018-12-31
505,260108.OF,002304.SZ,洋河股份,股票,2892713.0,273997775.36,,7.970149,7.51,2019-01-21,2018-12-31
506,260108.OF,000651.SZ,格力电器,股票,7599970.0,271242929.3,,7.890015,7.43,2019-01-21,2018-12-31
507,260108.OF,000596.SZ,古井贡酒,股票,3438946.0,185565526.16,,5.397799,5.09,2019-01-21,2018-12-31
508,260108.OF,000568.SZ,泸州老窖,股票,7289497.0,296390948.02,,8.62153,8.12,2019-01-21,2018-12-31
509,260108.OF,600566.SH,济川药业,股票,7999837.0,268234534.61,,7.802506,7.35,2019-01-21,2018-12-31
510,260108.OF,600519.SH,贵州茅台,股票,499987.0,294997329.87,,8.580992,8.08,2019-01-21,2018-12-31
511,260108.OF,300498.SZ,温氏股份,股票,13500065.0,353431701.7,,10.280753,9.69,2019-01-21,2018-12-31
512,260108.OF,603899.SH,晨光文具,股票,10307888.0,311813612.0,,9.07015,8.55,2019-01-21,2018-12-31
513,260108.OF,002714.SZ,牧原股份,股票,7599929.0,218497958.75,,6.35575,5.99,2019-01-21,2018-12-31
514,260108.OF,002311.SZ,海大集团,股票,13700000.0,386340000.0,,6.049426,5.72,2019-04-20,2019-03-31
515,260108.OF,002142.SZ,宁波银行,股票,17411786.0,369826334.64,,5.79085,5.48,2019-04-20,2019-03-31
516,260108.OF,000651.SZ,格力电器,股票,8940236.0,422068541.56,,6.608874,6.25,2019-04-20,2019-03-31
517,260108.OF,000596.SZ,古井贡酒,股票,3438946.0,369686695.0,,5.788663,5.48,2019-04-20,2019-03-31
518,260108.OF,000568.SZ,泸州老窖,股票,8039597.0,535276368.26,,8.381515,7.93,2019-04-20,2019-03-31
519,260108.OF,601888.SH,中国国旅,股票,5442262.0,381393720.96,,5.971975,5.65,2019-04-20,2019-03-31
520,260108.OF,600519.SH,贵州茅台,股票,641586.0,547908028.14,,8.579305,8.12,2019-04-20,2019-03-31
521,260108.OF,300498.SZ,温氏股份,股票,12952800.0,525883680.0,,8.234442,7.79,2019-04-20,2019-03-31
522,260108.OF,603899.SH,晨光文具,股票,10307888.0,381391856.0,,5.971946,5.65,2019-04-20,2019-03-31
523,260108.OF,002714.SZ,牧原股份,股票,9528426.0,603244650.06,,9.445782,8.94,2019-04-20,2019-03-31
524,260108.OF,002304.SZ,洋河股份,股票,8585570.0,1043661889.2,,8.39999,7.94,2019-07-17,2019-06-30
525,260108.OF,002142.SZ,宁波银行,股票,24994479.0,605866170.96,,4.876359,4.61,2019-07-17,2019-06-30
526,260108.OF,000858.SZ,五粮液,股票,9715209.0,1145908901.55,,9.222933,8.72,2019-07-17,2019-06-30
527,260108.OF,000568.SZ,泸州老窖,股票,14269856.0,1153432460.48,,9.283487,8.78,2019-07-17,2019-06-30
528,260108.OF,601888.SH,中国国旅,股票,7919034.0,702022364.1,,5.650279,5.34,2019-07-17,2019-06-30
529,260108.OF,600519.SH,贵州茅台,股票,1118715.0,1100815560.0,,8.859996,8.38,2019-07-17,2019-06-30
530,260108.OF,600036.SH,招商银行,股票,19856693.0,714443814.14,,5.750254,5.44,2019-07-17,2019-06-30
531,260108.OF,300498.SZ,温氏股份,股票,29096019.0,1043383241.34,,8.397748,7.94,2019-07-17,2019-06-30
532,260108.OF,000333.SZ,美的集团,股票,12631236.0,655055898.96,,5.272266,4.98,2019-07-17,2019-06-30
533,260108.OF,002714.SZ,牧原股份,股票,17907551.0,1052784923.29,,8.473418,8.01,2019-07-17,2019-06-30
534,260108.OF,002415.SZ,海康威视,股票,19999845.0,645994993.5,,4.304786,4.0,2019-10-22,2019-09-30
535,260108.OF,002311.SZ,海大集团,股票,19999922.0,625997558.6,,4.171527,3.88,2019-10-22,2019-09-30
536,260108.OF,002304.SZ,洋河股份,股票,7500000.0,780000000.0,,5.19777,4.83,2019-10-22,2019-09-30
537,260108.OF,000858.SZ,五粮液,股票,10303601.0,1337407409.8,,8.912226,8.28,2019-10-22,2019-09-30
538,260108.OF,000568.SZ,泸州老窖,股票,14649256.0,1248409596.32,,8.319161,7.73,2019-10-22,2019-09-30
539,260108.OF,601888.SH,中国国旅,股票,10000000.0,930600000.0,,6.201339,5.76,2019-10-22,2019-09-30
540,260108.OF,600887.SH,伊利股份,股票,30069464.0,857581113.28,,5.714756,5.31,2019-10-22,2019-09-30
541,260108.OF,600519.SH,贵州茅台,股票,1349485.0,1551907750.0,,10.341615,9.61,2019-10-22,2019-09-30
542,260108.OF,190211.IB,19国开11,债券,2400000.0,239688000.0,,47.049124,1.48,2019-10-22,2019-09-30
543,260108.OF,190405.IB,19农发05,债券,1600000.0,159776000.0,,31.362942,0.99,2019-10-22,2019-09-30
544,260108.OF,190304.IB,19进出04,债券,1100000.0,109978000.0,,21.587933,0.68,2019-10-22,2019-09-30
545,260108.OF,300498.SZ,温氏股份,股票,32664818.0,1214477933.24,,8.093047,7.52,2019-10-22,2019-09-30
546,260108.OF,002714.SZ,牧原股份,股票,20398624.0,1438102992.0,,9.583242,8.91,2019-10-22,2019-09-30
547,260108.OF,002415.SZ,海康威视,股票,27799758.0,910164076.92,,5.491204,5.2,2020-01-21,2019-12-31
548,260108.OF,000858.SZ,五粮液,股票,10303601.0,1370481969.01,,8.268395,7.82,2020-01-21,2019-12-31
549,260108.OF,000596.SZ,古井贡酒,股票,7500000.0,1019400000.0,,6.150247,5.82,2020-01-21,2019-12-31
550,260108.OF,000568.SZ,泸州老窖,股票,15912158.0,1379265855.44,,8.32139,7.87,2020-01-21,2019-12-31
551,260108.OF,601888.SH,中国国旅,股票,10000000.0,889500000.0,,5.366534,5.08,2020-01-21,2019-12-31
552,260108.OF,600887.SH,伊利股份,股票,30000000.0,928200000.0,,5.600019,5.3,2020-01-21,2019-12-31
553,260108.OF,600519.SH,贵州茅台,股票,1349485.0,1596440755.0,,9.63165,9.11,2020-01-21,2019-12-31
554,260108.OF,600031.SH,三一重工,股票,55000000.0,937750000.0,,5.657636,5.35,2020-01-21,2019-12-31
555,260108.OF,190211.IB,19国开11,债券,2400000.0,240336000.0,,47.057257,1.37,2020-01-21,2019-12-31
556,260108.OF,190405.IB,19农发05,债券,1600000.0,160208000.0,,31.368372,0.91,2020-01-21,2019-12-31
557,260108.OF,190304.IB,19进出04,债券,1100000.0,110187000.0,,21.574371,0.63,2020-01-21,2019-12-31
558,260108.OF,300498.SZ,温氏股份,股票,39666404.0,1332791174.4,,8.040999,7.61,2020-01-21,2019-12-31
559,260108.OF,002714.SZ,牧原股份,股票,16000000.0,1420640000.0,,8.571009,8.11,2020-01-21,2019-12-31
560,260108.OF,002311.SZ,海大集团,股票,19999922.0,803996864.4,,6.299692,5.8,2020-04-22,2020-03-31
561,260108.OF,000858.SZ,五粮液,股票,8900000.0,1025280000.0,,8.033549,7.4,2020-04-22,2020-03-31
562,260108.OF,000568.SZ,泸州老窖,股票,13000000.0,957450000.0,,7.502069,6.91,2020-04-22,2020-03-31
563,260108.OF,600887.SH,伊利股份,股票,25000000.0,746500000.0,,5.849177,5.39,2020-04-22,2020-03-31
564,260108.OF,600519.SH,贵州茅台,股票,1199000.0,1332089000.0,,10.437541,9.61,2020-04-22,2020-03-31
565,260108.OF,600276.SH,恒瑞医药,股票,6799709.0,625777219.27,,4.903257,4.52,2020-04-22,2020-03-31
566,260108.OF,600031.SH,三一重工,股票,33705135.0,583098835.5,,4.568852,4.21,2020-04-22,2020-03-31
567,260108.OF,128102.SZ,海大转债,债券,358139.0,35813900.0,,26.321383,0.26,2020-04-22,2020-03-31
568,260108.OF,190405.IB,19农发05,债券,1000000.0,100250000.0,,73.678617,0.72,2020-04-22,2020-03-31
569,260108.OF,300498.SZ,温氏股份,股票,22000000.0,710600000.0,,5.567884,5.13,2020-04-22,2020-03-31
570,260108.OF,002714.SZ,牧原股份,股票,8000000.0,977680000.0,,7.66058,7.05,2020-04-22,2020-03-31
571,260108.OF,603288.SH,海天味业,股票,4968871.0,621953583.07,,4.873297,4.49,2020-04-22,2020-03-31
572,260108.OF,002415.SZ,海康威视,股票,21999977.0,667699301.95,,4.440022,4.16,2020-07-21,2020-06-30
573,260108.OF,002311.SZ,海大集团,股票,19999922.0,951796287.98,,6.329191,5.93,2020-07-21,2020-06-30
574,260108.OF,000858.SZ,五粮液,股票,8900000.0,1522968000.0,,10.127331,9.49,2020-07-21,2020-06-30
575,260108.OF,000596.SZ,古井贡酒,股票,5399890.0,811279473.6,,5.394792,5.05,2020-07-21,2020-06-30
576,260108.OF,000568.SZ,泸州老窖,股票,13000000.0,1184560000.0,,7.877008,7.38,2020-07-21,2020-06-30
577,260108.OF,601888.SH,中国中免,股票,9200000.0,1417076000.0,,9.423177,8.83,2020-07-21,2020-06-30
578,260108.OF,600887.SH,伊利股份,股票,25000000.0,778250000.0,,5.175155,4.85,2020-07-21,2020-06-30
579,260108.OF,600519.SH,贵州茅台,股票,1070000.0,1565281600.0,,10.408705,9.75,2020-07-21,2020-06-30
580,260108.OF,600276.SH,恒瑞医药,股票,9482608.0,875244718.4,,5.820144,5.45,2020-07-21,2020-06-30
581,260108.OF,200201.IB,20国开01,债券,3600000.0,360504000.0,,100.0,2.25,2020-07-21,2020-06-30
582,260108.OF,000333.SZ,美的集团,股票,12999953.0,777267189.87,,5.168619,4.84,2020-07-21,2020-06-30
583,260108.OF,002415.SZ,海康威视,股票,34658868.0,1320849459.48,,5.31139,4.97,2020-10-27,2020-09-30
584,260108.OF,000858.SZ,五粮液,股票,9591602.0,2119744042.0,,8.523899,7.97,2020-10-27,2020-09-30
585,260108.OF,000568.SZ,泸州老窖,股票,15077911.0,2164434124.05,,8.703607,8.14,2020-10-27,2020-09-30
586,260108.OF,601888.SH,中国中免,股票,10017198.0,2233234122.12,,8.980265,8.4,2020-10-27,2020-09-30
587,260108.OF,600519.SH,贵州茅台,股票,1270617.0,2120024464.5,,8.525027,7.97,2020-10-27,2020-09-30
588,260108.OF,600276.SH,恒瑞医药,股票,18279926.0,1641902953.32,,6.602408,6.18,2020-10-27,2020-09-30
589,260108.OF,200406.IB,20农发06,债券,4000000.0,397880000.0,,52.514043,1.5,2020-10-27,2020-09-30
590,260108.OF,200201.IB,20国开01,债券,3600000.0,359784000.0,,47.485957,1.35,2020-10-27,2020-09-30
591,260108.OF,300760.SZ,迈瑞医疗,股票,5000004.0,1740001392.0,,6.996881,6.54,2020-10-27,2020-09-30
592,260108.OF,603899.SH,晨光文具,股票,20000018.0,1358201222.38,,5.461589,5.11,2020-10-27,2020-09-30
593,260108.OF,000333.SZ,美的集团,股票,18941394.0,1375145204.4,,5.529724,5.17,2020-10-27,2020-09-30
594,260108.OF,603288.SH,海天味业,股票,8000026.0,1296804214.6,,5.2147,4.88,2020-10-27,2020-09-30
