date,open,high,low,close,volume
2016-01-04,13.81,13.81,12.45,12.51,34872.79
2016-01-05,11.47,12.78,11.47,12.25,41806.45
2016-01-06,12.3,12.67,12.3,12.62,25665.98
2016-01-07,12.5,12.5,11.51,11.56,5638.0
2016-01-08,11.95,12.15,11.7,12.1,35544.3
2016-01-11,11.95,12.91,11.84,12.18,48680.88
2016-01-12,12.17,12.7,12.0,12.44,29152.31
2016-01-13,12.59,12.69,11.85,11.98,27661.98
2016-01-14,11.6,12.42,11.48,12.39,35856.36
2016-01-15,12.36,12.36,11.83,11.97,25435.28
2016-01-18,11.97,12.18,11.83,12.0,19385.05
2016-01-19,12.0,12.4,11.96,12.32,20848.85
2016-01-20,12.3,12.36,12.11,12.22,15337.26
2016-01-21,12.18,12.3,11.86,11.88,18922.84
2016-01-22,11.97,12.1,11.73,12.0,14089.49
2016-01-25,12.1,12.21,11.91,12.05,12063.94
2016-01-26,11.92,12.2,10.92,10.98,23518.99
2016-01-27,11.11,11.25,10.0,10.45,24162.0
2016-01-28,10.32,10.49,9.86,10.02,17083.45
2016-01-29,9.93,10.5,9.88,10.37,34564.24
2016-02-01,10.21,11.41,10.21,10.79,35219.06
2016-02-02,10.8,10.94,10.56,10.89,30983.29
2016-02-03,10.74,10.8,10.5,10.72,17664.79
2016-02-04,10.78,10.9,10.68,10.82,21623.89
2016-02-05,10.95,10.95,10.49,10.53,14531.3
2016-02-15,10.17,10.57,10.03,10.55,16447.61
2016-02-16,10.68,10.97,10.5,10.89,25958.38
2016-02-17,10.89,11.0,10.76,10.96,23993.83
2016-02-18,11.06,11.08,10.85,10.87,25203.41
2016-02-19,10.86,10.93,10.77,10.9,13792.04
2016-02-22,10.97,11.13,10.94,11.1,21996.39
2016-02-23,11.14,11.39,10.97,11.26,38802.96
2016-02-24,11.14,11.24,10.93,11.22,18812.79
2016-02-25,11.2,11.26,10.2,10.41,29863.55
2016-02-26,10.55,10.67,10.33,10.53,13726.75
2016-02-29,10.51,10.63,10.02,10.15,15582.44
2016-03-01,10.2,10.37,10.06,10.31,21014.32
2016-03-02,10.31,11.34,10.22,11.33,48637.15
2016-03-03,11.22,11.38,11.08,11.16,29180.95
2016-03-04,11.15,11.27,10.76,10.94,23099.0
2016-03-07,11.01,11.54,11.01,11.39,29165.74
2016-03-08,11.29,11.38,10.86,11.35,25255.8
2016-03-09,11.24,11.24,10.9,10.96,16321.64
2016-03-10,10.85,11.2,10.85,10.92,12117.39
2016-03-11,10.8,11.16,10.8,11.14,16118.13
2016-03-14,11.13,11.59,11.13,11.31,48562.19
2016-03-15,11.26,11.42,11.0,11.14,28024.44
2016-03-16,11.18,11.3,10.91,11.03,17162.83
2016-03-17,11.06,11.28,10.98,11.25,25252.84
2016-03-18,11.2,11.55,11.1,11.51,42534.54
2016-03-21,11.53,11.87,11.51,11.66,59629.41
2016-03-22,11.6,11.98,11.52,11.96,44671.27
2016-03-23,11.96,12.07,11.73,11.84,25352.4
2016-03-24,11.75,12.06,11.62,11.75,27187.88
2016-03-25,11.7,11.98,11.7,11.94,22911.0
2016-03-28,11.99,12.21,11.8,11.87,28709.32
2016-03-29,11.88,12.14,11.71,11.89,30879.86
2016-03-30,11.85,12.17,11.85,12.11,42217.64
2016-03-31,12.15,12.35,12.08,12.31,38742.68
2016-04-01,12.26,12.38,11.95,12.15,28941.27
2016-04-05,12.2,12.41,12.06,12.34,30671.82
2016-04-06,12.3,12.64,12.15,12.63,36262.03
2016-04-07,12.61,12.74,12.4,12.55,37792.19
2016-04-08,12.39,12.48,12.26,12.38,27277.52
2016-04-11,12.45,12.68,12.45,12.52,28833.27
2016-04-12,12.5,12.6,12.16,12.29,29286.36
2016-04-13,12.36,12.63,12.27,12.42,28927.84
2016-04-14,12.47,12.62,12.4,12.56,22284.01
2016-04-15,12.53,12.82,12.45,12.73,22565.99
2016-04-18,12.58,12.68,12.4,12.53,23661.16
2016-04-19,12.57,12.83,12.45,12.58,18491.45
2016-04-20,12.69,12.73,11.61,11.93,38498.17
2016-04-21,11.74,12.13,11.7,11.75,23975.17
2016-04-22,11.71,11.9,11.66,11.81,15193.57
2016-04-25,11.77,12.0,11.71,11.95,21542.36
2016-04-26,11.97,12.05,11.73,12.0,20342.19
2016-04-27,12.0,12.08,11.85,11.98,21143.97
2016-04-28,11.98,12.0,11.76,11.91,16077.77
2016-04-29,11.82,12.14,11.81,12.06,22301.88
2016-05-03,12.0,13.05,11.97,12.81,69967.18
2016-05-04,12.63,12.95,12.63,12.79,49899.53
2016-05-05,12.68,12.91,12.68,12.83,28382.58
2016-05-06,12.73,13.35,12.3,12.32,60558.65
2016-05-09,12.14,12.39,11.86,12.06,51987.93
2016-05-10,12.0,12.28,11.88,12.05,27409.07
2016-05-11,12.33,12.98,12.07,12.75,114851.36
2016-05-12,12.4,12.49,11.88,12.3,62990.96
2016-05-13,12.22,12.65,11.97,12.0,59106.0
2016-05-16,11.89,11.95,11.46,11.89,55564.57
2016-05-17,11.9,11.94,11.58,11.7,29992.72
2016-05-18,11.65,11.85,11.16,11.22,38542.47
2016-05-19,11.18,11.45,11.07,11.23,25540.1
2016-05-20,11.23,11.43,11.12,11.4,18395.36
2016-05-23,11.44,11.69,11.43,11.62,22264.41
2016-05-24,11.63,12.0,11.55,11.75,46292.47
2016-05-25,11.67,11.85,11.42,11.52,22681.51
2016-05-26,11.57,11.7,11.36,11.69,18888.45
2016-05-27,12.21,12.49,11.93,12.14,112004.9
2016-05-30,12.1,12.1,11.82,11.87,38228.01
2016-05-31,11.81,12.31,11.81,12.29,82671.25
2016-06-01,12.29,12.34,12.17,12.24,62609.1
2016-06-02,12.2,12.37,12.17,12.34,51378.99
2016-06-03,12.34,12.88,12.27,12.66,90706.56
2016-06-06,12.57,12.77,12.52,12.76,66593.66
2016-06-07,12.74,12.77,12.56,12.71,36614.94
2016-06-08,12.96,13.29,12.67,12.69,62369.18
2016-06-13,12.43,12.53,12.1,12.2,48248.74
2016-06-14,12.12,12.43,12.02,12.36,41885.75
2016-06-15,12.28,12.74,12.15,12.64,39262.15
2016-06-16,12.61,12.98,12.5,12.91,53599.04
2016-06-17,12.86,13.13,12.75,12.91,59823.64
2016-06-20,12.88,13.69,12.83,13.56,77220.36
2016-06-21,13.52,13.87,13.21,13.29,74647.94
2016-06-22,13.4,13.95,13.3,13.83,51866.92
2016-06-23,13.84,14.05,13.6,13.66,43214.27
2016-06-24,13.66,13.75,13.17,13.46,45133.38
2016-06-27,13.44,13.99,13.32,13.86,37307.32
2016-06-28,13.84,13.98,13.72,13.81,31978.91
2016-06-29,13.85,13.92,13.71,13.72,26680.49
2016-06-30,13.72,14.69,13.72,14.14,54940.0
2016-07-01,14.04,14.29,13.82,14.08,31124.15
2016-07-04,13.98,14.31,13.85,14.29,36325.04
2016-07-05,14.3,14.5,14.23,14.38,31731.7
2016-07-06,14.25,15.0,14.25,14.98,68296.62
2016-07-07,14.99,15.39,14.4,14.48,111156.3
2016-07-08,14.5,14.79,14.35,14.41,74626.28
2016-07-11,14.38,15.1,14.36,14.78,76445.04
2016-07-12,14.78,15.06,14.41,14.74,65934.82
2016-07-13,14.7,14.72,14.06,14.44,66823.21
2016-07-14,14.46,14.7,14.3,14.38,60465.05
2016-07-15,14.41,14.47,14.15,14.23,37112.55
2016-07-18,14.26,14.3,13.98,14.03,42630.75
2016-07-19,14.05,14.13,13.78,14.11,34550.26
2016-07-20,14.11,14.38,14.03,14.23,36042.63
2016-07-21,14.15,14.41,14.15,14.3,32926.76
2016-07-22,14.22,14.29,13.9,13.94,33051.13
2016-07-25,13.92,14.08,13.84,13.96,18454.0
2016-07-26,13.92,14.09,13.9,14.08,19086.35
2016-07-27,14.13,14.15,13.18,13.4,40431.17
2016-07-28,13.42,13.52,13.25,13.48,24576.57
2016-07-29,13.42,13.55,13.38,13.49,15215.04
2016-08-01,13.5,13.55,13.04,13.18,20865.99
2016-08-02,13.18,13.37,13.15,13.36,13325.32
2016-08-03,13.36,13.51,13.25,13.48,13741.88
2016-08-04,13.54,13.9,13.54,13.88,34515.37
2016-08-05,13.81,13.93,13.73,13.82,20931.67
2016-08-08,13.73,14.08,13.56,14.08,28374.77
2016-08-09,14.08,14.16,13.98,14.15,22106.0
2016-08-10,14.14,14.19,13.99,13.99,14394.01
2016-08-11,14.04,14.04,13.72,13.73,17119.25
2016-08-12,13.81,13.97,13.72,13.94,17423.53
2016-08-15,13.9,14.34,13.9,14.25,32008.7
2016-08-16,14.28,14.32,14.15,14.29,28185.47
2016-08-17,14.29,14.4,14.21,14.3,20386.61
2016-08-18,14.3,14.3,14.06,14.13,18108.89
2016-08-19,14.15,14.36,14.06,14.33,20214.68
2016-08-22,14.36,14.49,14.22,14.23,23607.26
2016-08-23,14.2,14.45,14.16,14.3,16447.37
2016-08-24,14.3,14.36,14.22,14.34,16824.85
2016-08-25,14.27,14.27,13.9,14.03,30645.93
2016-08-26,14.03,14.16,13.92,13.94,20446.03
2016-08-29,13.89,14.05,13.73,13.95,30607.01
2016-08-30,13.87,14.0,13.84,13.94,13284.04
2016-08-31,13.99,14.16,13.84,14.14,25908.89
2016-09-01,14.14,14.2,13.95,13.99,19156.42
2016-09-02,13.97,14.04,13.8,13.84,11644.93
2016-09-05,13.8,14.0,13.8,13.89,13541.47
2016-09-06,13.88,14.19,13.82,14.15,18898.88
2016-09-07,14.16,14.25,14.07,14.15,20285.72
2016-09-08,14.2,14.23,14.06,14.15,24745.67
2016-09-09,14.25,14.38,14.13,14.13,31221.01
2016-09-12,13.8,13.87,13.65,13.71,24416.87
2016-09-13,13.8,13.87,13.67,13.81,11850.51
2016-09-14,13.7,13.9,13.6,13.71,14544.87
2016-09-19,13.62,13.85,13.62,13.76,8093.32
2016-09-20,13.85,13.86,13.66,13.74,6968.88
2016-09-21,13.68,13.8,13.66,13.74,5993.0
2016-09-22,13.77,13.85,13.67,13.7,17621.36
2016-09-23,13.61,13.75,13.47,13.55,14908.13
2016-09-26,13.41,13.66,13.38,13.38,13240.75
2016-09-27,13.36,13.43,13.11,13.38,12546.13
2016-09-28,13.4,13.43,13.16,13.29,12125.53
2016-09-29,13.24,13.47,13.22,13.38,7190.68
2016-09-30,13.38,13.53,13.36,13.52,4966.26
2016-10-10,13.6,13.75,13.6,13.71,13087.06
2016-10-11,13.82,13.82,13.66,13.71,9774.36
2016-10-12,13.65,13.77,13.6,13.75,9950.11
2016-10-13,13.75,13.85,13.62,13.65,10788.91
2016-10-14,13.6,13.69,13.53,13.6,11927.96
2016-10-17,13.7,13.74,13.56,13.65,15024.92
2016-10-18,13.6,13.92,13.6,13.9,19792.45
2016-10-19,13.9,13.97,13.82,13.92,11198.86
2016-10-20,13.97,13.97,13.76,13.85,14177.23
2016-10-21,13.91,13.91,13.66,13.85,13358.65
2016-10-24,13.76,15.24,13.76,14.41,86609.89
2016-10-25,14.25,14.72,14.1,14.61,86490.35
2016-10-26,14.44,15.18,14.32,14.66,85304.07
2016-10-27,14.6,15.45,14.51,15.38,108065.88
2016-10-28,15.24,15.4,14.9,15.07,76889.12
2016-10-31,15.01,15.05,14.75,14.96,47516.95
2016-11-01,14.96,14.98,14.68,14.94,71755.04
2016-11-02,14.86,14.93,14.58,14.62,48466.57
2016-11-03,14.49,14.95,14.41,14.75,43427.37
2016-11-04,14.68,14.78,14.38,14.48,30185.99
2016-11-07,14.47,14.82,14.47,14.66,32603.48
2016-11-08,14.65,14.83,14.51,14.6,40457.37
2016-11-09,14.59,14.62,14.05,14.19,47021.18
2016-11-10,14.29,14.49,14.29,14.42,27251.34
2016-11-11,14.43,14.54,14.33,14.53,29421.19
2016-11-14,14.55,14.73,14.49,14.55,32535.51
2016-11-15,14.58,14.8,14.5,14.73,32860.05
2016-11-16,14.72,14.8,14.46,14.6,29581.57
2016-11-17,14.55,14.58,14.33,14.46,22248.15
2016-11-18,14.4,14.75,14.39,14.49,30295.22
2016-11-21,14.47,14.86,14.4,14.85,57598.87
2016-11-22,14.78,14.97,14.74,14.9,34914.13
2016-11-23,14.9,14.97,14.68,14.75,32919.88
2016-11-24,14.69,14.85,14.61,14.68,26096.93
2016-11-25,14.6,14.68,14.31,14.6,30000.93
2016-11-28,14.6,14.66,14.4,14.44,23562.72
2016-11-29,14.4,14.59,14.3,14.33,22550.5
2016-11-30,14.31,14.45,14.23,14.4,18461.74
2016-12-01,14.39,14.73,14.32,14.72,34622.01
2016-12-02,14.73,14.75,14.33,14.34,22135.46
2016-12-05,14.29,14.48,14.18,14.32,20988.17
2016-12-06,14.32,14.49,14.28,14.39,15067.54
2016-12-07,14.32,14.62,14.29,14.59,16429.79
2016-12-08,14.59,14.88,14.53,14.62,36394.14
2016-12-09,14.61,14.88,14.48,14.66,47697.92
2016-12-12,14.55,15.25,14.52,14.9,149864.18
2016-12-13,14.77,15.31,14.0,15.14,125283.59
2016-12-14,14.98,15.43,14.83,14.98,139543.61
2016-12-15,14.78,15.9,14.69,15.68,187270.9
2016-12-16,15.6,15.86,15.3,15.6,127438.85
2016-12-19,15.52,15.52,15.02,15.17,81529.6
2016-12-20,15.13,15.41,14.78,14.82,84080.57
2016-12-21,14.83,15.04,14.71,15.0,59196.74
2016-12-22,14.92,15.0,14.4,14.42,79141.16
2016-12-23,14.4,14.57,14.25,14.42,47044.22
2016-12-26,14.4,14.5,14.24,14.49,35312.11
2016-12-27,14.57,14.65,14.3,14.33,36571.01
2016-12-28,14.33,14.4,14.26,14.3,30542.75
2016-12-29,14.35,14.35,14.01,14.13,48151.47
2016-12-30,14.17,14.39,14.17,14.28,37813.15
2017-01-03,14.3,14.45,14.16,14.41,38521.54
2017-01-04,14.38,14.64,14.33,14.6,44696.06
2017-01-05,14.57,14.62,14.48,14.54,29026.17
2017-01-06,14.55,14.58,14.33,14.36,30594.57
2017-01-09,14.2,14.6,14.2,14.54,34244.92
2017-01-10,14.64,14.9,14.55,14.74,66134.54
2017-01-11,14.74,14.74,14.21,14.23,40314.81
2017-01-12,14.24,14.38,14.14,14.22,26242.76
2017-01-13,14.22,14.31,13.73,13.74,32483.43
2017-01-16,13.72,13.8,12.41,13.13,37706.39
2017-01-17,13.1,13.35,13.02,13.27,21386.21
2017-01-18,13.21,13.39,13.21,13.22,14945.25
2017-01-19,13.24,13.4,13.05,13.23,18049.01
2017-01-20,13.21,13.47,13.15,13.45,15377.64
2017-01-23,13.45,13.64,13.45,13.53,13716.12
2017-01-24,13.45,13.76,13.45,13.71,27062.0
2017-01-25,13.68,13.97,13.63,13.91,21199.23
2017-01-26,13.95,14.15,13.81,13.93,17059.13
2017-02-03,13.93,14.11,13.88,13.88,16067.0
2017-02-06,13.88,14.05,13.83,13.96,11697.91
2017-02-07,13.88,13.96,13.65,13.72,18295.19
2017-02-08,13.72,13.89,13.66,13.83,23941.93
2017-02-09,13.88,14.78,13.83,14.23,59161.18
2017-02-10,14.19,14.31,14.08,14.16,29524.48
2017-02-13,14.16,14.5,14.12,14.27,30309.33
2017-02-14,14.29,14.35,14.22,14.27,20546.74
2017-02-15,14.23,14.36,14.04,14.06,23114.77
2017-02-16,14.06,14.2,13.92,14.13,17894.36
2017-02-17,14.1,14.22,14.01,14.04,14397.38
2017-02-20,13.99,14.48,13.98,14.35,32365.98
2017-02-21,14.36,14.43,14.27,14.3,23018.21
2017-02-22,14.36,14.42,14.23,14.31,24888.23
2017-02-23,14.33,14.49,14.29,14.34,30875.51
2017-02-24,14.3,14.37,14.18,14.3,24093.38
2017-02-27,14.28,14.33,14.05,14.07,22707.12
2017-02-28,14.05,14.26,14.02,14.22,15486.85
2017-03-01,14.22,14.43,14.1,14.36,36131.99
2017-03-02,14.39,14.49,14.2,14.24,16144.34
2017-03-03,14.13,14.33,14.1,14.13,15423.68
2017-03-06,14.14,14.29,14.13,14.24,16825.74
2017-03-07,14.24,14.43,14.24,14.39,25229.35
2017-03-08,14.36,14.46,14.23,14.38,19157.79
2017-03-09,14.4,14.45,14.16,14.23,20914.62
2017-03-10,14.2,14.4,14.2,14.33,24640.56
2017-03-13,14.37,14.7,14.33,14.6,65072.58
2017-03-14,14.6,14.67,14.47,14.55,33232.85
2017-03-15,14.48,14.6,14.43,14.45,20391.69
2017-03-16,14.48,14.64,14.47,14.58,26387.16
2017-03-17,14.58,14.73,14.5,14.51,37782.14
2017-03-20,14.51,14.53,14.13,14.25,41647.96
2017-03-21,14.27,14.46,14.18,14.44,26853.19
2017-03-22,14.35,14.44,13.94,14.26,33985.93
2017-03-23,14.26,14.41,14.06,14.24,35606.28
2017-03-24,14.24,14.31,14.13,14.25,18648.05
2017-03-27,14.17,14.25,14.06,14.15,22148.32
2017-03-28,14.15,14.19,13.95,13.96,20619.83
2017-03-29,14.0,14.08,13.72,13.89,25331.53
2017-03-30,13.88,13.94,13.42,13.47,24225.44
2017-03-31,13.48,13.69,13.45,13.53,16313.41
2017-04-05,13.52,14.09,13.52,13.98,28327.92
2017-04-06,14.0,14.03,13.8,13.89,20181.34
2017-04-07,13.98,13.98,13.78,13.8,14676.12
2017-04-10,13.8,13.88,13.6,13.66,25801.43
2017-04-11,13.66,13.67,13.23,13.55,22919.94
2017-04-12,13.52,13.69,13.3,13.58,23656.34
2017-04-13,13.51,13.74,13.51,13.66,11661.11
2017-04-14,13.69,13.69,13.33,13.45,24474.07
2017-04-17,13.44,13.56,13.24,13.34,16167.82
2017-04-18,13.4,13.5,13.24,13.32,17124.12
2017-04-19,13.28,13.29,11.99,12.94,23528.09
2017-04-20,12.86,13.22,12.72,12.96,30117.23
2017-04-21,13.0,13.0,12.72,12.8,16792.15
2017-04-24,12.66,12.89,12.31,12.39,22261.97
2017-04-25,12.3,12.61,12.3,12.39,18307.21
2017-04-26,12.44,12.55,12.38,12.46,12625.51
2017-04-27,12.38,12.52,12.13,12.51,20932.33
2017-04-28,12.51,12.74,12.48,12.69,15269.04
2017-05-02,12.67,12.9,12.61,12.77,18344.37
2017-05-03,12.77,12.79,12.51,12.71,16628.06
2017-05-04,12.69,12.8,12.52,12.69,11630.87
2017-05-05,12.7,12.7,12.48,12.5,10571.8
2017-05-08,12.45,12.54,12.14,12.17,15101.47
2017-05-09,12.2,12.34,12.11,12.27,9119.43
2017-05-10,12.3,12.4,12.12,12.13,11526.04
2017-05-11,12.13,12.15,11.84,12.05,18004.84
2017-05-12,12.02,12.1,11.89,12.01,10606.04
2017-05-15,12.06,12.1,11.97,12.01,9103.74
2017-05-16,12.04,12.3,11.89,12.24,15947.67
2017-05-17,12.31,12.51,12.22,12.48,19090.39
2017-05-18,12.36,12.45,12.14,12.18,19632.06
2017-05-19,12.19,12.28,12.14,12.23,8085.37
2017-05-22,12.2,12.29,11.91,11.96,12607.28
2017-05-23,12.0,12.05,11.66,11.67,16411.01
2017-05-24,11.68,11.75,11.5,11.71,12852.09
2017-05-25,11.75,11.95,11.65,11.82,15914.89
2017-05-26,11.75,11.88,11.75,11.81,7883.21
2017-05-31,11.89,12.06,11.86,11.86,17780.9
2017-06-01,11.83,11.88,11.65,11.65,13468.49
2017-06-02,11.62,11.94,11.53,11.86,12066.2
2017-06-05,11.86,11.95,11.8,11.86,11874.72
2017-06-06,11.86,11.99,11.68,11.98,10443.13
2017-06-07,11.98,12.41,11.92,12.29,22298.74
2017-06-08,12.85,12.88,12.36,12.64,50230.4
2017-06-09,12.56,12.66,12.44,12.5,25817.06
2017-06-12,12.48,12.59,12.35,12.42,15901.97
2017-06-13,12.38,12.61,12.35,12.48,20351.57
2017-06-14,12.47,12.54,12.24,12.33,15045.49
2017-06-15,12.33,12.4,12.28,12.35,19899.77
2017-06-16,12.41,12.41,12.23,12.29,11654.87
2017-06-19,12.23,12.35,12.23,12.33,12294.33
2017-06-20,12.35,12.42,12.33,12.35,12294.87
2017-06-21,12.4,12.4,12.25,12.33,10947.13
2017-06-22,12.37,12.43,12.28,12.32,17554.01
2017-06-23,12.22,12.22,11.82,12.0,16679.88
2017-06-26,12.03,12.3,11.91,12.27,15077.39
2017-06-27,12.32,12.32,12.15,12.19,8897.23
2017-06-28,12.55,12.55,12.08,12.09,15469.73
2017-06-29,12.04,12.2,12.04,12.12,9328.71
2017-06-30,12.15,12.26,12.09,12.16,11285.08
2017-07-03,12.16,12.25,12.09,12.21,12278.14
2017-07-04,12.2,12.21,12.09,12.14,9261.57
2017-07-05,12.14,12.2,12.08,12.19,12254.06
2017-07-06,12.15,12.18,12.1,12.13,13425.17
2017-07-07,12.12,12.27,12.1,12.25,14966.34
2017-07-10,12.17,12.28,12.15,12.19,11887.64
2017-07-11,12.19,12.32,12.13,12.14,16700.05
2017-07-12,12.12,12.15,11.84,11.98,19347.95
2017-07-13,11.92,12.07,11.92,12.01,7315.13
2017-07-14,12.01,12.16,11.99,12.15,9567.33
2017-07-17,12.08,12.15,11.56,11.62,26843.41
2017-07-18,11.6,11.76,11.5,11.75,13528.84
2017-07-19,11.73,11.83,11.62,11.82,19991.6
2017-07-20,11.79,11.85,11.71,11.79,17623.46
2017-07-21,11.78,11.82,11.69,11.77,22712.64
2017-07-24,11.72,11.92,11.72,11.86,18385.37
2017-07-25,11.89,11.98,11.8,11.86,16390.11
2017-07-26,11.82,11.9,11.74,11.83,9858.54
2017-07-27,11.76,11.94,11.76,11.92,12693.32
2017-07-28,11.9,12.22,11.88,12.2,33460.26
2017-07-31,12.22,12.49,12.18,12.42,40237.02
2017-08-01,12.39,12.47,12.21,12.29,24315.27
2017-08-02,12.29,12.35,12.09,12.13,20006.36
2017-08-03,12.17,12.22,12.08,12.19,19010.92
2017-08-04,12.18,12.18,12.01,12.04,18421.03
2017-08-07,12.05,12.19,12.04,12.18,16566.36
2017-08-08,12.08,12.17,12.07,12.14,21529.88
2017-08-09,12.15,12.55,12.09,12.4,62736.17
2017-08-10,12.34,12.97,12.25,12.8,102153.45
2017-08-11,12.57,12.78,12.33,12.42,65407.02
2017-08-14,12.42,12.75,12.36,12.67,45841.72
2017-08-15,12.61,12.72,12.52,12.62,30649.36
2017-08-16,12.66,12.66,12.42,12.54,28134.23
2017-08-17,12.54,12.57,12.45,12.55,17418.65
2017-08-18,12.52,12.52,12.31,12.36,26863.0
2017-08-21,12.3,12.42,12.29,12.39,14534.18
2017-08-22,12.39,12.47,12.31,12.45,19816.37
2017-08-23,12.41,12.41,12.26,12.3,15453.0
2017-08-24,12.2,12.29,11.99,12.03,30657.88
2017-08-25,12.04,12.09,11.98,12.06,29657.26
2017-08-28,12.06,12.11,12.03,12.08,44464.0
2017-08-29,12.04,12.08,11.99,12.06,26276.76
2017-08-30,12.06,12.09,11.99,12.01,22101.97
2017-08-31,12.03,12.05,11.95,11.99,14670.12
2017-09-01,11.94,12.04,11.94,12.02,18586.04
2017-09-04,12.0,12.05,11.97,12.04,17386.41
2017-09-05,11.99,11.99,11.79,11.89,32491.39
2017-09-06,11.9,11.97,11.8,11.93,16691.83
2017-09-07,11.98,11.98,11.88,11.92,14178.0
2017-09-08,11.92,11.95,11.83,11.9,14727.89
2017-09-11,11.9,11.94,11.86,11.88,13772.96
2017-09-12,11.92,12.04,11.88,12.03,23566.27
2017-09-13,11.98,12.19,11.94,12.18,49430.89
2017-09-14,12.17,12.18,12.06,12.12,32067.04
2017-09-15,12.12,12.15,12.05,12.09,15301.45
2017-09-18,12.09,12.17,12.06,12.16,16100.82
2017-09-19,12.18,12.24,12.11,12.13,15729.05
2017-09-20,12.1,12.21,12.1,12.16,18970.04
2017-09-21,12.04,12.17,12.02,12.03,20402.32
2017-09-22,12.0,12.02,11.9,11.95,13352.1
2017-09-25,11.94,12.03,11.9,11.96,9778.0
2017-09-26,11.95,12.13,11.9,12.12,18534.21
2017-09-27,12.1,12.35,12.07,12.31,36562.87
2017-09-28,12.38,12.62,12.2,12.38,36032.18
2017-09-29,12.38,12.48,12.19,12.28,17228.0
2017-10-09,12.18,12.46,12.18,12.35,25865.53
2017-10-10,12.25,12.51,12.25,12.51,35546.88
2017-10-11,12.59,12.99,12.43,12.67,77054.94
2017-10-12,12.59,12.86,12.33,12.79,57970.16
2017-10-13,12.82,12.85,12.67,12.81,22561.81
2017-10-16,12.71,12.82,12.49,12.59,24569.7
2017-10-17,12.51,12.6,12.51,12.58,9432.0
2017-10-18,12.6,12.65,12.37,12.48,15199.0
2017-10-19,12.48,12.86,12.42,12.85,45814.3
2017-10-20,12.85,12.96,12.7,12.87,38342.14
2017-10-23,12.76,13.53,12.76,13.37,62617.97
2017-10-24,13.23,13.46,13.12,13.39,39563.08
2017-10-25,13.38,13.43,13.13,13.22,25086.72
2017-10-26,13.31,13.53,13.12,13.17,25337.63
2017-10-27,13.2,13.28,12.96,13.26,30245.77
2017-10-30,13.18,13.4,12.76,13.23,36288.76
2017-10-31,13.23,13.75,13.23,13.5,64317.77
2017-11-01,13.65,13.66,13.35,13.4,62045.45
2017-11-02,13.38,13.38,13.16,13.23,30215.46
2017-11-03,13.23,13.46,13.1,13.32,27069.0
2017-11-06,13.25,13.38,13.2,13.31,21832.27
2017-11-07,13.32,13.63,13.31,13.38,28432.52
2017-11-08,13.46,13.46,13.21,13.27,22217.0
2017-11-09,13.17,13.3,13.12,13.16,18266.0
2017-11-10,13.11,13.36,13.11,13.22,18803.61
2017-11-13,13.11,13.25,12.95,13.03,23457.0
2017-11-14,13.03,13.03,12.81,12.91,16103.06
2017-11-15,12.88,13.03,12.8,12.87,15669.0
2017-11-16,12.86,13.0,12.85,12.96,10456.95
2017-11-17,12.87,13.0,12.3,12.37,35441.51
2017-11-20,12.21,12.33,11.99,12.29,19778.32
2017-11-21,12.2,12.36,12.18,12.2,13080.22
2017-11-22,12.18,12.3,12.16,12.18,10657.0
2017-11-23,12.15,12.25,11.82,11.9,12946.3
2017-11-24,11.92,12.19,11.91,12.06,8713.1
2017-11-27,12.0,12.2,11.91,12.01,6762.29
2017-11-28,12.14,12.26,12.02,12.2,12403.74
2017-11-29,12.29,12.39,12.0,12.33,13121.9
2017-11-30,12.3,12.41,12.23,12.34,8115.52
2017-12-01,12.34,12.41,12.24,12.32,4450.8
2017-12-04,12.4,12.4,12.1,12.14,7759.0
2017-12-05,12.2,12.23,11.89,11.95,8740.57
2017-12-06,11.97,12.11,11.88,12.09,6128.0
2017-12-07,12.09,12.09,11.76,11.81,11372.0
2017-12-08,11.85,11.94,11.8,11.9,7622.61
2017-12-11,11.9,12.0,11.74,11.99,11342.66
2017-12-12,11.97,11.98,11.76,11.81,10053.84
2017-12-13,11.82,11.9,11.59,11.75,20297.39
2017-12-14,11.71,11.79,11.57,11.75,11441.0
2017-12-15,11.73,11.73,11.48,11.71,19479.08
2017-12-18,11.68,11.7,11.5,11.6,9353.0
2017-12-19,11.59,11.79,11.5,11.74,16191.39
2017-12-20,11.7,11.7,11.5,11.54,13840.74
2017-12-21,11.53,11.77,11.35,11.75,16388.77
2017-12-22,11.61,11.76,11.59,11.7,13930.25
2017-12-25,11.62,11.87,11.62,11.74,17181.0
2017-12-26,11.7,11.9,11.62,11.81,31660.52
2017-12-27,11.73,11.79,11.58,11.76,19692.08
2017-12-28,11.67,11.85,11.66,11.83,18481.9
2017-12-29,11.76,11.84,11.76,11.81,7192.84
2018-01-02,11.77,11.89,11.73,11.85,9211.15
2018-01-03,11.87,12.08,11.8,12.03,17297.84
2018-01-04,12.04,12.08,11.81,11.89,20526.19
2018-01-05,11.95,12.17,11.85,12.14,23219.42
2018-01-08,12.07,12.24,11.99,12.16,17508.3
2018-01-09,12.16,12.29,12.1,12.18,18551.62
2018-01-10,12.11,12.22,11.95,12.13,15388.0
2018-01-11,12.08,12.14,12.02,12.05,12829.0
2018-01-12,11.99,12.07,11.91,11.99,10224.69
2018-01-15,11.96,12.03,11.64,11.74,9964.69
2018-01-16,11.8,12.05,11.74,12.02,14813.25
2018-01-17,12.0,12.25,11.85,12.08,18313.79
2018-01-18,12.08,12.5,11.95,12.31,28478.31
2018-01-19,12.31,12.36,12.16,12.2,9398.63
2018-01-22,12.2,12.52,12.2,12.44,14776.85
2018-01-23,12.32,12.53,12.32,12.49,21175.85
2018-01-24,12.49,12.65,12.36,12.44,11517.84
2018-01-25,12.4,12.58,12.25,12.4,17984.0
2018-01-26,12.46,12.84,12.35,12.63,28347.39
2018-01-29,12.58,12.64,12.39,12.46,22043.0
2018-01-30,12.36,12.59,12.18,12.55,19766.0
2018-01-31,12.44,12.87,12.44,12.49,24607.39
2018-02-01,12.31,12.45,11.82,12.3,28744.75
2018-02-02,12.12,12.23,11.68,11.79,18706.3
2018-02-05,11.71,11.71,11.36,11.4,15798.0
2018-02-06,11.39,11.48,10.5,10.56,18161.23
2018-02-07,10.8,11.06,10.5,10.53,19307.96
2018-02-08,10.76,10.78,10.61,10.77,6591.61
2018-02-09,10.41,10.67,10.4,10.6,7536.0
2018-02-12,10.68,10.88,10.51,10.77,6037.34
2018-02-13,10.79,10.9,10.71,10.77,4444.35
2018-02-14,10.73,10.87,10.73,10.83,3152.0
2018-02-22,10.96,10.96,10.76,10.88,5625.72
2018-02-23,10.88,10.94,10.83,10.89,4026.02
2018-02-26,10.95,11.18,10.89,11.08,6061.82
2018-02-27,11.1,11.17,10.96,10.98,5097.0
2018-02-28,10.98,10.98,10.81,10.93,3449.05
2018-03-01,10.92,11.08,10.85,11.06,4100.06
2018-03-02,11.04,11.15,10.93,10.94,5072.05
2018-03-05,10.94,11.13,10.87,10.95,3949.32
2018-03-06,11.01,11.04,10.89,11.02,5237.24
2018-03-07,11.02,11.45,10.98,11.29,15457.38
2018-03-08,11.28,11.28,11.08,11.21,10744.15
2018-03-09,11.21,11.31,11.13,11.26,6307.99
2018-03-12,11.23,11.41,11.18,11.37,11441.81
2018-03-13,11.35,11.65,11.27,11.61,20033.0
2018-03-14,11.7,11.7,11.3,11.35,26970.15
2018-03-15,11.31,11.4,11.03,11.12,12169.73
2018-03-16,11.12,11.24,11.08,11.16,8533.67
2018-03-19,11.18,11.26,11.11,11.19,7491.57
2018-03-20,11.2,11.2,11.07,11.13,4471.27
2018-03-21,11.18,11.2,11.02,11.1,7523.0
2018-03-22,11.07,11.18,10.95,11.02,6278.0
2018-03-23,10.89,11.01,10.33,10.46,14752.82
2018-03-26,10.3,10.48,10.27,10.48,8895.0
2018-03-27,10.59,10.83,10.55,10.72,8867.0
2018-03-28,10.7,10.85,10.55,10.59,7414.0
2018-03-29,10.58,10.75,10.52,10.71,5359.7
2018-03-30,10.74,10.85,10.71,10.83,9883.12
2018-04-02,10.84,10.96,10.77,10.81,6456.0
2018-04-03,10.82,10.82,10.62,10.72,8596.18
2018-04-04,10.78,10.93,10.68,10.69,14026.48
2018-04-09,10.68,10.84,10.57,10.7,11346.02
2018-04-10,10.64,10.93,10.64,10.87,11512.0
2018-04-11,10.87,10.97,10.83,10.92,11784.61
2018-04-12,10.81,10.92,10.77,10.88,8344.59
2018-04-13,10.88,10.95,10.75,10.79,6156.4
2018-04-16,10.76,10.84,10.51,10.53,9568.0
2018-04-17,10.53,10.68,10.48,10.54,7775.72
2018-04-18,10.63,10.67,10.46,10.54,7052.0
2018-04-19,10.54,10.68,10.54,10.57,5363.61
2018-04-20,10.64,10.64,10.47,10.48,5873.61
2018-04-23,10.48,10.56,10.43,10.48,7038.66
2018-04-24,10.42,10.68,10.42,10.62,8233.0
2018-04-25,10.6,10.63,10.44,10.5,9130.85
2018-04-26,10.48,10.51,10.37,10.38,6066.11
2018-04-27,10.39,10.47,10.21,10.29,7568.0
2018-05-02,10.27,10.33,10.26,10.3,4950.0
2018-05-03,10.3,10.49,10.06,10.41,9143.29
2018-05-04,10.39,10.53,10.29,10.51,11313.29
2018-05-07,10.47,10.83,10.46,10.82,20507.69
2018-05-08,10.79,10.87,10.68,10.82,14470.02
2018-05-09,10.89,10.92,10.7,10.84,10020.51
2018-05-10,10.85,10.88,10.79,10.84,8911.45
2018-05-11,10.84,10.95,10.74,10.76,10296.31
2018-05-14,10.7,10.78,10.67,10.69,7087.4
2018-05-15,10.77,10.89,10.67,10.88,10309.38
2018-05-16,10.89,11.09,10.82,10.99,19371.07
2018-05-17,11.0,11.09,10.88,11.08,14279.89
2018-05-18,11.12,11.12,10.9,11.0,8631.89
2018-05-21,11.09,11.11,10.92,11.05,12461.76
2018-05-22,11.09,11.13,10.93,10.98,7366.95
2018-05-23,11.01,11.05,10.91,10.94,6992.57
2018-05-24,10.91,10.96,10.74,10.79,6886.58
2018-05-25,10.7,10.89,10.7,10.8,5174.0
2018-05-28,10.8,11.3,10.73,11.15,24620.51
2018-05-29,11.06,11.34,11.02,11.1,18492.61
2018-05-30,10.93,11.3,10.87,11.2,35074.1
2018-05-31,11.22,12.08,11.16,11.88,81274.22
2018-06-01,11.7,11.8,11.37,11.57,47934.32
2018-06-04,11.45,11.6,11.38,11.58,25289.0
2018-06-05,11.55,11.98,11.4,11.76,72303.05
2018-06-06,11.7,11.78,11.48,11.52,37424.95
2018-06-07,11.57,11.6,11.3,11.32,23319.99
2018-06-08,11.33,11.51,11.26,11.41,34751.19
2018-06-11,11.35,11.43,11.16,11.27,22132.0
2018-06-12,11.2,11.53,11.07,11.43,63996.0
2018-06-13,11.27,11.32,10.79,10.82,37452.14
2018-06-14,10.81,10.93,10.34,10.46,40614.37
2018-06-15,10.46,10.48,10.14,10.21,33145.84
2018-06-19,10.2,10.2,9.3,10.02,43002.24
2018-06-20,9.82,10.02,9.65,9.95,20203.0
2018-06-21,9.95,10.1,9.72,9.73,14660.79
2018-06-22,9.72,9.9,9.57,9.79,9092.0
2018-06-25,9.83,10.07,9.8,9.88,12035.29
2018-06-26,9.8,9.86,9.61,9.82,10222.0
2018-06-27,9.86,9.9,9.64,9.69,9351.95
2018-06-28,9.69,9.73,9.58,9.58,6883.31
2018-06-29,9.62,9.88,9.52,9.79,7890.67
2018-07-02,9.78,9.91,9.55,9.59,9017.0
2018-07-03,9.71,9.71,9.32,9.53,14195.14
2018-07-04,9.55,9.55,9.41,9.41,6128.08
2018-07-05,9.41,9.52,9.23,9.24,6170.76
2018-07-06,9.3,9.31,8.96,9.22,8275.75
2018-07-09,9.26,9.35,9.17,9.34,6675.0
2018-07-10,9.34,9.44,9.29,9.43,6035.0
2018-07-11,9.31,9.45,9.22,9.42,9026.0
2018-07-12,9.35,9.66,9.35,9.65,15010.77
2018-07-13,9.69,10.14,9.56,10.08,22077.72
2018-07-16,9.95,10.13,9.86,10.13,15279.37
2018-07-17,10.08,10.09,9.94,9.96,8329.03
2018-07-18,9.94,10.04,9.88,10.01,13193.59
2018-07-19,9.99,9.99,9.81,9.82,5459.01
2018-07-20,9.76,9.92,9.75,9.86,4910.0
2018-07-23,9.81,10.04,9.78,10.03,11984.32
2018-07-24,10.0,10.18,9.99,10.13,12793.4
2018-07-25,10.1,10.14,9.94,10.04,11413.4
2018-07-26,10.12,10.18,9.97,10.04,9508.3
2018-07-27,10.04,10.06,9.95,10.01,3060.0
2018-07-30,9.96,9.99,9.82,9.83,5600.0
2018-07-31,9.83,10.01,9.81,9.98,5411.23
2018-08-01,9.92,10.02,9.91,9.96,4920.08
2018-08-02,9.93,10.0,9.45,9.98,10329.76
2018-08-03,9.87,10.26,9.86,10.23,21137.36
2018-08-06,10.23,10.28,9.88,9.95,11175.0
2018-08-07,9.94,10.06,9.74,10.03,7665.9
2018-08-08,9.98,10.01,9.78,9.79,8278.0
2018-08-09,9.72,9.93,9.63,9.86,5817.04
2018-08-10,9.85,9.9,9.77,9.81,3585.69
2018-08-13,9.79,9.83,9.65,9.83,5463.68
2018-08-14,9.83,9.92,9.82,9.89,4961.61
2018-08-15,9.9,10.23,9.74,10.2,14454.92
2018-08-16,10.01,10.05,9.71,9.92,12855.23
2018-08-17,9.88,9.93,9.75,9.83,3938.0
2018-08-20,9.88,9.93,9.71,9.92,5394.0
2018-08-21,9.8,10.17,9.8,10.14,12514.82
2018-08-22,10.04,10.17,10.02,10.03,7266.0
2018-08-23,10.05,10.16,10.03,10.12,6289.0
2018-08-24,10.15,10.25,10.08,10.22,10180.0
2018-08-27,10.23,10.43,10.1,10.35,11903.29
2018-08-28,10.28,10.53,10.21,10.31,11173.99
2018-08-29,10.28,10.28,10.16,10.16,5577.0
2018-08-30,10.15,10.22,10.09,10.12,3347.0
2018-08-31,10.12,10.15,10.0,10.04,4850.0
2018-09-03,10.05,10.12,9.85,10.12,5536.21
2018-09-04,10.09,10.16,10.0,10.12,2274.0
2018-09-05,10.08,10.1,9.91,9.95,4070.0
2018-09-06,9.95,10.04,9.87,10.02,4999.0
2018-09-07,9.91,10.11,9.86,10.05,5968.8
2018-09-10,10.0,10.0,9.88,9.89,2718.19
2018-09-11,9.89,9.95,9.78,9.88,3657.24
2018-09-12,9.9,9.94,9.83,9.91,2687.31
2018-09-13,10.05,10.05,9.85,10.0,5288.02
2018-09-14,10.01,10.07,9.91,10.06,6724.0
2018-09-17,9.98,10.04,9.86,9.97,3579.0
2018-09-18,9.96,10.02,9.82,9.91,3497.83
2018-09-19,9.85,9.97,9.84,9.91,4041.0
2018-09-20,9.88,9.9,9.81,9.82,3887.2
2018-09-21,9.88,9.95,9.85,9.91,3378.0
2018-09-25,9.87,9.87,9.72,9.77,4624.0
2018-09-26,9.77,9.89,9.77,9.83,3597.0
2018-09-27,9.83,9.92,9.71,9.84,5930.0
2018-09-28,9.84,9.9,9.78,9.81,2708.0
2018-10-08,9.72,9.81,9.31,9.67,3908.0
2018-10-09,9.67,9.77,9.6,9.7,3160.24
2018-10-10,9.7,9.73,9.54,9.64,2842.0
2018-10-11,9.5,9.67,8.9,9.67,8594.66
2018-10-12,9.4,9.67,8.96,9.64,10677.97
2018-10-15,9.48,9.91,9.34,9.66,14778.0
2018-10-16,9.64,10.02,9.5,10.02,17936.44
2018-10-17,10.09,10.62,9.69,10.62,40037.0
2018-10-18,10.22,10.34,9.86,9.91,26508.71
2018-10-19,9.5,9.64,9.23,9.45,19740.4
2018-10-22,9.44,9.8,9.43,9.66,37502.71
2018-10-23,9.56,9.56,9.17,9.2,14712.0
2018-10-24,9.21,9.22,8.91,8.99,19253.0
2018-10-25,8.77,8.81,8.62,8.75,12326.0
2018-10-26,8.78,8.94,8.78,8.87,7592.0
2018-10-29,8.87,8.87,8.6,8.7,8956.0
2018-10-30,8.71,8.78,8.63,8.74,4377.23
2018-10-31,8.75,8.85,8.73,8.79,7767.0
2018-11-01,8.84,8.95,8.78,8.81,10117.01
2018-11-02,8.87,9.02,8.81,8.98,10847.0
2018-11-05,8.9,9.02,8.87,9.0,8991.0
2018-11-06,8.93,9.01,8.88,8.99,6746.0
2018-11-07,8.95,9.04,8.95,8.96,6521.0
2018-11-08,9.03,9.07,8.95,8.99,6075.23
2018-11-09,8.95,8.99,8.88,8.94,3330.0
2018-11-12,8.97,9.09,8.9,9.08,6374.0
2018-11-13,9.0,9.43,8.91,9.36,18062.0
2018-11-14,9.28,9.62,9.25,9.6,16877.72
2018-11-15,9.54,9.6,9.51,9.53,4862.0
2018-11-16,9.62,9.63,9.5,9.52,4656.01
2018-11-19,9.5,9.63,9.3,9.6,8533.0
2018-11-20,9.52,9.54,9.11,9.22,8758.0
2018-11-21,9.15,9.35,9.12,9.31,3059.0
2018-11-22,9.32,9.52,9.23,9.25,5807.0
2018-11-23,9.27,9.37,9.04,9.06,6211.0
2018-11-26,9.1,9.18,8.98,8.99,4051.0
2018-11-27,9.05,9.13,9.01,9.05,2956.0
2018-11-28,9.04,9.12,8.89,9.09,4627.0
2018-11-29,9.1,9.25,8.99,9.01,4875.0
2018-11-30,8.97,9.13,8.91,9.02,4748.67
2018-12-03,9.1,9.37,9.08,9.26,8337.0
2018-12-04,9.28,9.33,9.2,9.29,6087.0
2018-12-05,9.23,9.29,9.12,9.19,4176.0
2018-12-06,9.17,9.22,8.96,9.04,7588.6
2018-12-07,9.1,9.12,8.96,9.04,4422.0
2018-12-10,8.94,9.06,8.89,8.9,4815.0
2018-12-11,8.87,8.99,8.87,8.96,2890.0
2018-12-12,8.9,9.18,8.9,9.14,6686.33
2018-12-13,9.16,9.6,9.05,9.49,17837.99
2018-12-14,9.36,9.6,9.18,9.6,23856.66
2018-12-17,9.6,9.6,9.38,9.48,12811.0
2018-12-18,9.41,9.5,9.26,9.36,8214.1
2018-12-19,9.32,9.38,9.14,9.15,5009.81
2018-12-20,9.1,9.18,9.06,9.15,3797.68
2018-12-21,9.08,9.13,8.95,9.01,5664.12
2018-12-24,9.03,9.09,8.99,9.05,3516.8
2018-12-25,8.93,9.05,8.85,9.01,3881.0
2018-12-26,8.95,9.01,8.9,8.91,4400.0
2018-12-27,9.02,9.02,8.86,8.86,5705.0
2018-12-28,8.86,8.95,8.75,8.89,4034.0
2019-01-02,8.93,8.99,8.84,8.89,5178.65
2019-01-03,8.9,8.91,8.7,8.78,5004.0
2019-01-04,8.78,8.95,8.76,8.92,6883.0
2019-01-07,8.92,9.0,8.87,8.93,13104.65
2019-01-08,8.92,8.95,8.89,8.89,5434.0
2019-01-09,8.89,9.05,8.89,8.94,8256.0
2019-01-10,9.0,9.1,8.91,9.1,12445.09
2019-01-11,9.09,9.5,9.02,9.45,19668.0
2019-01-14,9.39,9.49,9.15,9.44,20038.0
2019-01-15,9.3,9.48,9.27,9.43,11484.66
2019-01-16,9.36,9.36,9.16,9.16,9066.77
2019-01-17,9.16,9.32,9.15,9.21,7342.0
2019-01-18,9.23,9.32,9.19,9.25,4911.0
2019-01-21,9.29,9.4,9.23,9.36,5911.65
2019-01-22,9.41,9.45,9.13,9.23,4837.65
2019-01-23,9.2,9.26,9.14,9.17,3548.0
2019-01-24,9.2,9.22,9.14,9.17,3459.31
2019-01-25,9.2,9.22,9.08,9.09,6061.0
2019-01-28,9.18,9.22,9.1,9.11,5078.0
2019-01-29,9.12,9.16,8.92,8.94,5389.66
2019-01-30,8.99,9.01,8.83,8.87,4804.0
2019-01-31,8.85,8.99,8.76,8.8,6509.0
2019-02-01,8.96,8.98,8.8,8.93,6551.0
2019-02-11,8.92,9.07,8.87,9.04,10807.0
2019-02-12,9.04,9.07,8.98,9.06,10359.0
2019-02-13,9.03,9.14,9.01,9.12,11097.26
2019-02-14,9.1,9.25,9.06,9.15,14827.01
2019-02-15,9.14,9.16,9.06,9.06,10948.0
2019-02-18,9.07,9.25,9.07,9.23,16237.54
2019-02-19,9.27,9.45,9.05,9.45,30748.26
2019-02-20,9.3,9.34,9.2,9.24,19661.0
2019-02-21,9.23,9.4,9.17,9.25,12892.13
2019-02-22,9.25,9.39,9.2,9.39,20938.47
2019-02-25,9.7,9.78,9.4,9.73,54652.0
2019-02-26,9.66,9.76,9.6,9.68,34804.66
2019-02-27,9.61,10.07,9.61,9.82,41654.28
2019-02-28,9.8,9.8,9.67,9.73,27052.73
2019-03-01,9.7,9.81,9.64,9.76,23981.0
2019-03-04,9.75,9.92,9.71,9.79,33566.66
2019-03-05,9.77,9.87,9.73,9.86,20495.22
2019-03-06,9.88,9.92,9.75,9.87,42699.76
2019-03-07,9.83,10.05,9.78,10.01,57457.0
2019-03-08,9.91,10.33,9.83,9.86,58137.0
2019-03-11,9.87,9.99,9.82,9.98,46380.0
2019-03-12,10.01,10.2,9.96,10.15,61694.18
2019-03-13,10.07,10.15,9.93,9.98,30951.72
2019-03-14,9.99,10.0,9.64,9.69,35267.1
2019-03-15,9.7,9.87,9.69,9.73,27969.14
2019-03-18,9.77,10.07,9.7,10.01,103095.26
2019-03-19,9.99,10.09,9.78,9.83,68522.0
2019-03-20,9.8,10.05,9.79,9.91,47435.0
2019-03-21,9.9,10.06,9.83,10.0,64118.0
2019-03-22,10.05,10.09,9.9,10.06,41598.17
2019-03-25,10.03,10.03,9.9,9.95,26654.47
2019-03-26,9.92,9.98,9.68,9.7,33443.88
2019-03-27,9.73,9.81,9.61,9.76,19942.0
2019-03-28,9.76,9.76,9.62,9.63,20299.0
2019-03-29,9.62,9.94,9.6,9.91,35297.0
2019-04-01,9.95,10.07,9.9,10.03,77435.4
2019-04-02,9.99,10.08,9.94,9.96,59097.47
2019-04-03,9.93,10.11,9.89,10.07,73542.47
2019-04-04,10.06,10.18,9.95,10.17,101517.99
2019-04-08,10.19,10.55,10.1,10.32,141043.62
2019-04-09,10.15,10.19,9.96,10.12,82561.51
2019-04-10,10.05,10.32,10.0,10.19,67798.67
2019-04-11,10.23,10.23,9.94,9.96,53016.18
2019-04-12,9.97,10.0,9.82,9.88,32838.07
2019-04-15,9.94,9.98,9.82,9.82,33540.31
2019-04-16,9.81,9.89,9.68,9.87,34184.13
2019-04-17,9.84,9.93,9.82,9.88,35583.0
2019-04-18,9.86,9.98,9.85,9.88,26778.35
2019-04-19,9.86,9.92,9.8,9.92,29972.71
2019-04-22,9.9,9.93,9.77,9.79,30038.0
2019-04-23,9.79,9.81,9.68,9.74,20977.0
2019-04-24,9.72,9.76,9.51,9.69,23770.01
2019-04-25,9.64,9.67,9.3,9.3,33000.0
2019-04-26,9.27,9.28,9.1,9.1,27426.0
2019-04-29,9.02,9.1,8.7,8.76,38992.25
2019-04-30,8.72,8.95,8.72,8.91,24897.17
2019-05-06,8.83,8.83,8.13,8.22,40604.0
2019-05-07,8.24,8.46,8.24,8.37,28041.0
2019-05-08,8.3,8.49,8.2,8.39,19018.0
2019-05-09,8.4,8.72,8.36,8.58,34937.79
2019-05-10,8.66,8.8,8.59,8.76,31210.43
2019-05-13,8.66,9.3,8.66,9.05,53389.0
2019-05-14,8.93,9.0,8.84,8.86,21697.0
2019-05-15,8.89,9.17,8.83,9.05,31276.0
2019-05-16,9.02,9.07,8.87,8.93,31599.0
2019-05-17,8.92,8.95,8.56,8.61,26093.01
2019-05-20,8.59,8.6,8.35,8.44,16295.0
2019-05-21,8.44,9.28,8.38,9.13,84531.82
2019-05-22,8.98,9.07,8.8,8.86,54871.01
2019-05-23,8.78,8.82,8.53,8.63,31422.81
2019-05-24,8.6,9.0,8.52,8.78,40363.62
2019-05-27,8.74,8.9,8.65,8.89,31110.62
2019-05-28,8.84,8.96,8.72,8.8,21604.0
2019-05-29,8.8,8.88,8.74,8.8,16801.12
2019-05-30,8.75,8.8,8.61,8.78,15648.0
2019-05-31,8.76,8.84,8.7,8.76,15478.62
2019-06-03,8.73,8.81,8.6,8.68,12647.12
2019-06-04,8.67,8.67,8.53,8.55,14899.0
2019-06-05,8.62,8.64,8.49,8.51,10368.0
2019-06-06,8.48,8.51,8.38,8.42,10219.17
2019-06-10,8.41,8.52,8.31,8.45,7019.0
2019-06-11,8.46,8.68,8.45,8.66,13028.99
2019-06-12,8.65,8.65,8.56,8.59,12220.0
2019-06-13,8.6,8.66,8.57,8.63,8409.7
2019-06-14,8.67,8.67,8.54,8.55,7962.15
2019-06-17,8.56,8.58,8.46,8.46,9028.51
2019-06-18,8.5,8.5,8.4,8.45,9746.34
2019-06-19,8.53,8.6,8.52,8.53,15520.0
2019-06-20,8.54,8.69,8.49,8.65,18062.7
2019-06-21,8.7,8.85,8.65,8.8,27547.7
2019-06-24,8.76,8.97,8.72,8.85,26650.13
2019-06-25,8.86,8.86,8.65,8.76,17986.01
2019-06-26,8.74,8.8,8.72,8.73,10117.0
2019-06-27,8.79,9.0,8.76,8.89,34544.0
2019-06-28,8.85,8.93,8.76,8.83,18941.0
2019-07-01,8.89,9.08,8.84,9.06,30016.17
2019-07-02,9.02,9.48,9.02,9.25,49783.19
2019-07-03,9.21,9.49,9.11,9.25,56345.0
2019-07-04,9.24,9.28,9.07,9.15,29992.0
2019-07-05,9.24,9.24,9.05,9.13,18039.92
2019-07-08,9.15,9.16,8.8,8.9,27294.0
2019-07-09,8.89,9.11,8.82,9.02,23862.18
2019-07-10,9.03,9.09,8.95,9.01,14433.67
2019-07-11,9.0,9.05,8.82,8.85,22559.22
2019-07-12,8.9,8.94,8.81,8.87,14526.0
2019-07-15,8.87,8.87,8.63,8.8,18703.25
2019-07-16,8.75,8.82,8.65,8.71,20790.19
2019-07-17,8.65,8.73,8.65,8.67,11034.0
2019-07-18,8.6,8.66,8.57,8.62,10563.0
2019-07-19,8.54,8.65,8.54,8.57,16413.0
2019-07-22,8.5,8.5,8.28,8.33,15094.0
2019-07-23,8.3,8.73,8.27,8.65,31511.01
2019-07-24,8.63,8.69,8.58,8.62,13220.0
2019-07-25,8.57,8.62,8.5,8.56,8963.0
2019-07-26,8.61,8.61,8.52,8.58,4818.68
2019-07-29,8.55,8.64,8.54,8.62,9111.0
2019-07-30,8.66,8.7,8.62,8.63,9876.0
2019-07-31,8.66,8.67,8.57,8.6,5756.0
2019-08-01,8.53,8.58,8.45,8.5,7565.0
2019-08-02,8.46,8.46,8.35,8.38,9661.0
2019-08-05,8.37,8.4,8.31,8.32,6777.0
2019-08-06,8.22,8.24,8.01,8.08,14702.0
2019-08-07,8.15,8.15,8.07,8.08,3550.0
2019-08-08,8.14,8.15,8.05,8.09,5566.02
2019-08-09,8.13,8.13,8.06,8.07,4601.0
2019-08-12,8.03,8.39,8.03,8.33,9528.19
2019-08-13,8.26,8.32,8.2,8.28,5510.19
2019-08-14,8.28,8.45,8.21,8.24,5011.02
2019-08-15,8.08,8.28,8.06,8.2,7211.0
2019-08-16,8.21,8.32,8.18,8.26,7043.0
2019-08-19,8.27,8.36,8.24,8.35,9361.0
2019-08-20,8.35,8.39,8.26,8.33,9646.0
2019-08-21,8.33,8.33,8.26,8.26,4539.0
2019-08-22,8.3,8.33,8.25,8.31,7032.0
2019-08-23,8.32,8.34,8.28,8.31,5530.0
2019-08-26,8.26,8.36,8.15,8.3,7460.0
2019-08-27,8.3,8.4,8.23,8.34,12374.0
2019-08-28,8.31,8.37,8.3,8.34,7356.0
2019-08-29,8.36,8.37,8.25,8.26,7891.0
2019-08-30,8.29,8.49,8.22,8.24,15984.34
2019-09-02,8.22,8.3,8.18,8.3,12036.43
2019-09-03,8.33,8.36,8.25,8.3,9537.0
2019-09-04,8.3,8.37,8.26,8.35,10465.43
2019-09-05,8.35,8.5,8.35,8.41,18772.18
2019-09-06,8.38,8.46,8.38,8.44,12032.0
2019-09-09,8.45,8.5,8.39,8.46,15240.71
2019-09-10,8.43,8.54,8.39,8.52,13619.0
2019-09-11,8.49,8.7,8.46,8.55,23074.0
2019-09-12,8.53,8.69,8.43,8.67,23262.1
2019-09-16,8.65,8.67,8.58,8.6,13056.92
2019-09-17,8.6,8.67,8.46,8.51,19410.04
2019-09-18,8.51,8.76,8.51,8.66,28093.0
2019-09-19,8.65,8.74,8.54,8.69,19596.0
2019-09-20,8.66,8.82,8.65,8.77,18305.1
2019-09-23,8.75,8.77,8.63,8.71,10979.01
2019-09-24,8.69,8.88,8.65,8.8,15276.81
2019-09-25,8.75,8.97,8.73,8.85,22743.16
2019-09-26,8.89,9.11,8.82,8.93,43146.0
2019-09-27,8.9,8.97,8.6,8.73,22227.32
2019-09-30,8.7,8.73,8.62,8.64,9307.0
2019-10-08,8.61,8.72,8.53,8.58,10163.17
2019-10-09,8.55,8.59,8.41,8.5,9457.0
2019-10-10,8.53,8.55,8.47,8.53,9371.65
2019-10-11,8.55,8.85,8.47,8.8,22795.14
2019-10-14,8.84,8.87,8.73,8.82,16783.0
2019-10-15,8.76,8.83,8.7,8.81,9056.0
2019-10-16,8.8,8.83,8.72,8.8,8771.18
2019-10-17,8.88,8.88,8.6,8.61,12156.0
2019-10-18,8.6,8.61,8.38,8.39,11066.0
2019-10-21,8.38,8.47,8.34,8.41,5051.97
2019-10-22,8.43,8.47,8.38,8.43,4800.0
2019-10-23,8.44,8.48,8.4,8.42,4205.0
2019-10-24,8.42,8.46,8.36,8.41,4778.0
2019-10-25,8.43,8.43,8.36,8.4,6504.0
2019-10-28,8.4,8.49,8.37,8.47,8090.0
2019-10-29,8.4,8.5,8.4,8.49,10491.42
2019-10-30,8.44,8.55,8.39,8.48,12647.0
2019-10-31,8.47,8.59,8.43,8.54,13452.0
2019-11-01,8.55,8.56,8.48,8.52,5770.0
2019-11-04,8.52,8.59,8.49,8.54,4316.0
2019-11-05,8.55,8.55,8.47,8.48,5259.0
2019-11-06,8.47,8.49,8.35,8.37,8834.0
2019-11-07,8.34,8.38,8.31,8.38,5324.0
2019-11-08,8.36,8.42,8.35,8.36,6320.35
2019-11-11,8.36,8.36,8.15,8.16,7897.0
2019-11-12,8.18,8.2,8.14,8.18,4172.35
2019-11-13,8.22,8.23,8.1,8.16,3733.0
2019-11-14,8.19,8.27,8.1,8.24,5744.0
2019-11-15,8.24,8.25,8.16,8.19,3787.0
2019-11-18,8.15,8.45,8.14,8.34,7044.01
2019-11-19,8.45,8.45,8.32,8.36,4220.0
2019-11-20,8.34,8.38,8.28,8.32,4359.0
2019-11-21,8.32,8.36,8.28,8.35,4789.0
2019-11-22,8.35,8.37,8.19,8.22,6276.0
2019-11-25,8.26,8.32,8.16,8.29,5933.48
2019-11-26,8.28,8.59,8.27,8.43,12087.0
2019-11-27,8.4,8.45,8.36,8.4,3988.16
2019-11-28,8.42,8.56,8.37,8.47,5179.0
2019-11-29,8.45,8.51,8.44,8.45,4210.0
2019-12-02,8.43,8.45,8.31,8.42,4613.47
2019-12-03,8.38,8.5,8.38,8.49,3627.1
2019-12-04,8.48,8.57,8.45,8.54,6933.0
2019-12-05,8.51,8.69,8.51,8.61,8512.0
2019-12-06,8.6,8.75,8.59,8.7,14117.0
2019-12-09,8.75,8.76,8.64,8.7,8843.0
2019-12-10,8.66,8.71,8.64,8.69,8131.29
2019-12-11,8.64,8.73,8.6,8.61,6970.0
2019-12-12,8.62,8.65,8.45,8.47,7468.0
2019-12-13,8.45,8.53,8.43,8.51,17951.0
2019-12-16,8.57,8.57,8.46,8.53,7384.0
2019-12-17,8.58,8.67,8.54,8.66,8758.95
2019-12-18,8.64,8.85,8.61,8.67,12734.0
2019-12-19,8.71,8.71,8.61,8.63,9905.0
2019-12-20,8.64,8.71,8.54,8.58,8408.0
2019-12-23,8.55,8.57,8.41,8.43,6337.0
2019-12-24,8.43,8.45,8.37,8.43,8562.29
2019-12-25,8.4,8.57,8.38,8.42,8725.0
2019-12-26,8.42,8.49,8.38,8.45,7183.0
2019-12-27,8.46,8.56,8.42,8.43,10291.0
2019-12-30,8.39,8.52,8.33,8.51,7905.49
2019-12-31,8.48,8.58,8.45,8.56,7875.0
2020-01-02,8.57,8.66,8.54,8.65,16106.0
2020-01-03,8.65,8.73,8.61,8.69,11597.98
2020-01-06,8.75,8.75,8.66,8.7,14537.0
2020-01-07,8.68,8.84,8.68,8.8,16453.4
2020-01-08,8.75,8.91,8.7,8.73,14046.0
2020-01-09,8.77,8.87,8.74,8.83,12688.42
2020-01-10,8.89,8.94,8.78,8.86,10192.0
2020-01-13,8.96,8.99,8.88,8.92,11630.0
2020-01-14,8.89,8.95,8.85,8.87,10295.0
2020-01-15,8.87,8.95,8.81,8.87,9451.76
2020-01-16,8.88,8.89,8.73,8.82,10239.86
2020-01-17,8.82,8.87,8.71,8.72,6498.57
2020-01-20,8.72,8.72,8.57,8.67,7723.74
2020-01-21,8.66,8.66,8.55,8.55,5798.0
2020-01-22,8.52,8.73,8.44,8.64,13753.74
2020-01-23,8.6,8.6,8.37,8.39,10082.36
2020-02-03,7.55,7.7,7.55,7.67,53819.04
2020-02-04,7.69,7.96,7.6,7.87,22617.42
2020-02-05,7.86,8.18,7.78,8.11,24966.08
2020-02-06,8.04,8.13,8.03,8.09,14530.08
2020-02-07,8.09,8.15,7.91,8.01,13903.08
2020-02-10,7.96,8.15,7.95,8.11,14249.53
2020-02-11,8.12,8.2,8.08,8.11,11051.0
2020-02-12,8.15,8.15,8.04,8.12,11058.75
2020-02-13,8.08,8.16,8.0,8.04,10767.74
2020-02-14,8.04,8.1,8.0,8.04,8391.9
2020-02-17,8.02,8.18,8.02,8.17,11287.0
2020-02-18,8.19,8.25,8.14,8.23,7412.78
2020-02-19,8.23,8.27,8.16,8.2,6272.0
2020-02-20,8.22,8.34,8.17,8.3,9941.76
2020-02-21,8.3,8.34,8.2,8.24,12913.51
2020-02-24,8.23,8.23,8.14,8.22,9812.61
2020-02-25,8.11,8.24,8.02,8.12,12247.24
2020-02-26,8.08,8.14,7.97,8.08,14629.49
2020-02-27,8.09,8.11,8.04,8.07,9244.0
2020-02-28,7.98,7.99,7.77,7.79,14960.31
2020-03-02,7.79,7.96,7.78,7.96,7742.78
2020-03-03,7.98,8.05,7.97,8.01,9173.85
2020-03-04,7.99,8.04,7.96,8.03,11278.32
2020-03-05,8.05,8.19,8.05,8.18,12450.04
2020-03-06,8.13,8.22,8.08,8.17,12553.01
2020-03-09,8.05,8.15,7.93,7.97,12367.06
2020-03-10,7.93,8.05,7.9,8.05,10517.29
2020-03-11,8.04,8.08,7.97,8.0,8567.3
2020-03-12,7.94,7.97,7.8,7.83,11994.0
2020-03-13,7.61,7.96,7.55,7.86,14893.69
2020-03-16,7.87,8.01,7.8,7.86,15863.37
2020-03-17,7.81,7.88,7.7,7.76,10736.29
2020-03-18,7.81,7.82,7.55,7.59,12978.0
2020-03-19,7.65,7.65,7.45,7.59,11818.26
2020-03-20,7.59,7.67,7.55,7.65,11733.13
2020-03-23,7.57,7.58,7.45,7.48,7973.0
2020-03-24,7.55,7.59,7.43,7.59,11231.3
2020-03-25,7.65,7.8,7.59,7.68,11552.0
2020-03-26,7.68,7.78,7.63,7.7,7616.0
2020-03-27,7.76,7.77,7.65,7.69,6826.0
2020-03-30,7.62,7.67,7.51,7.62,7060.22
2020-03-31,7.63,7.69,7.56,7.62,5583.22
2020-04-01,7.63,7.73,7.57,7.63,8431.0
2020-04-02,7.63,7.73,7.57,7.67,6072.29
2020-04-03,7.69,7.74,7.65,7.73,7079.28
2020-04-07,7.75,7.87,7.65,7.82,14563.72
2020-04-08,7.82,7.82,7.73,7.77,9449.69
2020-04-09,7.76,7.85,7.74,7.82,9435.8
2020-04-10,7.79,7.85,7.71,7.71,7422.0
2020-04-13,7.69,7.69,7.5,7.54,10860.0
2020-04-14,7.55,7.62,7.52,7.61,6108.28
2020-04-15,7.59,7.62,7.54,7.58,7904.0
2020-04-16,7.54,7.58,7.52,7.56,4652.9
2020-04-17,7.6,7.68,7.56,7.58,8641.0
2020-04-20,7.58,7.78,7.56,7.77,19962.34
2020-04-21,7.69,7.85,7.68,7.77,11253.79
2020-04-22,7.75,7.85,7.68,7.81,13611.7
2020-04-23,7.82,7.89,7.77,7.87,11919.6
2020-04-24,7.85,7.98,7.73,7.75,12477.0
2020-04-27,7.72,7.84,7.68,7.81,12024.85
2020-04-28,7.77,7.81,7.47,7.57,14738.14
2020-04-29,7.54,7.59,7.47,7.48,12433.0
2020-04-30,7.48,7.58,7.48,7.56,11492.47
2020-05-06,7.52,7.59,7.49,7.59,14173.7
2020-05-07,7.58,7.8,7.53,7.75,21970.12
2020-05-08,7.75,7.77,7.68,7.73,13917.7
2020-05-11,7.73,7.83,7.72,7.79,15460.01
2020-05-12,7.75,7.81,7.69,7.78,8195.08
2020-05-13,7.77,7.9,7.7,7.88,17488.04
2020-05-14,7.87,7.88,7.73,7.79,19560.52
2020-05-15,7.78,7.83,7.65,7.7,12938.4
2020-05-18,7.69,7.91,7.67,7.89,20670.92
2020-05-19,7.89,7.91,7.79,7.87,15332.0
2020-05-20,7.88,7.88,7.76,7.79,8986.0
2020-05-21,7.76,8.1,7.74,7.91,29261.82
2020-05-22,7.86,8.34,7.86,8.06,52624.83
2020-05-25,8.01,8.4,7.92,8.28,53859.78
2020-05-26,8.23,8.24,8.07,8.17,34844.22
2020-05-27,8.26,8.67,8.25,8.55,75256.97
2020-05-28,8.47,8.88,8.42,8.55,64880.42
2020-05-29,8.46,8.54,8.35,8.43,39646.3
2020-06-01,8.53,8.53,8.34,8.46,34547.78
2020-06-02,8.46,8.48,8.27,8.37,32462.94
2020-06-03,8.37,8.42,8.28,8.42,24815.09
2020-06-04,8.35,8.48,8.34,8.42,30542.1
2020-06-05,8.41,8.41,8.25,8.31,19200.52
2020-06-08,8.35,8.36,8.16,8.18,19580.38
2020-06-09,8.23,8.26,8.17,8.24,11302.03
2020-06-10,8.25,8.27,8.18,8.18,11570.0
2020-06-11,8.19,8.19,8.03,8.03,19383.65
2020-06-12,7.97,8.14,7.94,8.09,13048.63
2020-06-15,8.12,8.27,8.04,8.23,18154.61
2020-06-16,8.25,8.33,8.14,8.3,17385.84
2020-06-17,8.3,8.3,8.15,8.19,20789.0
2020-06-18,8.2,8.39,8.17,8.33,16758.22
2020-06-19,8.33,8.42,8.25,8.32,14205.63
2020-06-22,8.29,8.35,8.19,8.21,11890.0
2020-06-23,8.17,8.57,8.17,8.44,33572.84
2020-06-24,8.43,8.43,8.27,8.34,20251.38
2020-06-29,8.22,8.24,8.07,8.11,16558.56
2020-06-30,8.13,8.39,8.12,8.32,20808.59
2020-07-01,8.3,8.86,8.26,8.78,82175.36
2020-07-02,8.71,9.5,8.55,9.14,112239.82
2020-07-03,9.08,9.09,8.76,8.94,65495.57
2020-07-06,8.9,9.16,8.82,9.12,64530.56
2020-07-07,9.11,9.33,9.03,9.15,67392.29
2020-07-08,9.08,9.11,8.91,9.07,50016.0
2020-07-09,9.0,9.23,8.97,9.12,45670.84
2020-07-10,9.1,9.57,9.05,9.36,82206.46
2020-07-13,9.33,9.78,9.22,9.6,65206.06
2020-07-14,9.52,9.66,9.22,9.4,52292.72
2020-07-15,9.45,9.81,9.25,9.59,69897.65
2020-07-16,9.52,9.52,8.82,8.9,65884.2
2020-07-17,8.9,9.04,8.79,8.87,24207.1
2020-07-20,8.89,9.05,8.81,9.03,23768.48
2020-07-21,9.05,9.24,9.0,9.05,19979.67
2020-07-22,9.08,9.17,9.01,9.03,21646.67
2020-07-23,8.99,9.05,8.73,8.91,27366.64
2020-07-24,8.9,8.97,8.54,8.57,26354.0
2020-07-27,8.52,8.69,8.52,8.6,16105.0
2020-07-28,8.6,8.79,8.6,8.72,13664.0
2020-07-29,8.72,8.85,8.6,8.84,16183.02
2020-07-30,8.84,8.93,8.8,8.83,22652.11
2020-07-31,8.8,8.88,8.69,8.82,18916.31
2020-08-03,8.83,9.02,8.83,9.02,21713.84
2020-08-04,9.05,9.08,8.9,8.95,17700.0
2020-08-05,8.89,9.04,8.85,8.99,13258.3
2020-08-06,9.0,9.06,8.87,8.92,13706.01
2020-08-07,8.88,8.96,8.73,8.85,15334.7
2020-08-10,8.87,9.01,8.81,8.98,17653.0
2020-08-11,8.95,9.07,8.9,8.95,21465.0
2020-08-12,8.89,8.95,8.7,8.88,17652.0
2020-08-13,8.88,9.04,8.84,9.02,19249.01
2020-08-14,9.02,9.16,8.95,9.15,21245.0
2020-08-17,9.21,9.35,9.12,9.16,26872.6
2020-08-18,9.11,9.19,8.95,9.0,34413.67
2020-08-19,8.98,9.33,8.93,9.13,37939.0
2020-08-20,9.01,9.12,8.8,8.83,24592.95
2020-08-21,8.85,9.15,8.82,9.13,32617.17
2020-08-24,9.14,9.22,9.05,9.13,22781.0
2020-08-25,9.15,9.33,9.09,9.13,22047.01
2020-08-26,9.1,9.16,8.93,8.98,18408.0
2020-08-27,8.9,9.04,8.85,9.03,13061.61
2020-08-28,9.05,9.25,8.95,9.23,28824.75
2020-08-31,9.23,9.36,9.15,9.31,31813.5
2020-09-01,9.21,9.27,9.04,9.09,21971.0
2020-09-02,9.07,9.15,8.94,9.0,23492.0
2020-09-03,8.97,9.23,8.95,9.05,20547.18
2020-09-04,8.95,8.95,8.75,8.9,21935.53
2020-09-07,8.87,8.94,8.7,8.7,19402.1
2020-09-08,8.73,8.76,8.6,8.7,16161.84
2020-09-09,8.62,8.69,8.55,8.57,15318.7
2020-09-10,8.59,8.65,8.46,8.48,16503.48
2020-09-11,8.48,8.59,8.41,8.59,11621.05
2020-09-14,8.56,8.64,8.52,8.57,12184.25
2020-09-15,8.58,8.6,8.46,8.55,6454.19
2020-09-16,8.58,8.67,8.54,8.61,11737.43
2020-09-17,8.61,8.61,8.47,8.5,9988.0
2020-09-18,8.51,8.58,8.45,8.57,11445.72
2020-09-21,8.61,8.61,8.46,8.51,11690.6
2020-09-22,8.46,8.8,8.4,8.47,15346.18
2020-09-23,8.47,8.49,8.4,8.41,8335.0
2020-09-24,8.38,8.4,8.24,8.26,12112.49
2020-09-25,8.22,8.28,8.19,8.24,5221.0
2020-09-28,8.23,8.29,8.14,8.16,5412.23
2020-09-29,8.23,8.24,8.14,8.2,4795.01
2020-09-30,8.21,8.27,8.16,8.18,4588.95
2020-10-09,8.26,8.36,8.23,8.32,8451.95
2020-10-12,8.33,8.44,8.31,8.43,11662.0
2020-10-13,8.58,8.58,8.4,8.45,10518.0
2020-10-14,8.4,8.52,8.38,8.39,9627.0
2020-10-15,8.4,8.4,8.31,8.31,5281.6
2020-10-16,8.29,8.34,8.26,8.3,6384.11
2020-10-19,8.34,8.34,8.2,8.31,8336.0
2020-10-20,8.48,8.56,8.33,8.44,16690.0
2020-10-21,8.39,8.44,8.3,8.35,12223.0
2020-10-22,8.34,8.5,8.26,8.44,11959.6
2020-10-23,8.4,8.66,8.37,8.5,27407.2
2020-10-26,8.42,8.43,8.22,8.29,19667.8
2020-10-27,8.33,8.33,8.21,8.24,7777.43
2020-10-28,8.23,8.34,8.16,8.26,10378.72
2020-10-29,8.18,8.41,8.12,8.37,15095.2
2020-10-30,8.31,8.37,8.05,8.08,15687.2
2020-11-02,8.04,8.19,8.0,8.02,12339.02
2020-11-03,8.02,8.76,8.02,8.5,43197.83
2020-11-04,8.5,8.5,8.29,8.32,25158.16
2020-11-05,8.41,9.14,8.32,8.89,82879.33
2020-11-06,8.88,8.93,8.65,8.76,44108.34
2020-11-09,8.76,8.82,8.69,8.78,31269.28
2020-11-10,8.8,8.97,8.68,8.85,35399.9
2020-11-11,8.89,9.35,8.82,9.19,85270.89
2020-11-12,9.03,10.11,9.03,10.11,240707.51
2020-11-13,9.8,9.85,9.1,9.1,173151.37
2020-11-16,8.9,9.64,8.9,9.53,149721.04
2020-11-17,9.4,10.23,9.32,9.64,217176.0
2020-11-18,9.5,9.87,9.33,9.48,110267.56
2020-11-19,9.4,10.43,9.36,10.43,486169.25
2020-11-20,10.56,11.47,10.21,11.47,418148.97
2020-11-23,12.1,12.62,12.04,12.62,462884.57
2020-11-24,12.32,12.68,11.36,11.95,560664.22
2020-11-25,11.4,11.42,10.76,10.8,358914.59
2020-11-26,10.73,11.13,10.67,10.93,252232.39
2020-11-27,10.75,10.83,10.02,10.26,250826.87
2020-11-30,10.22,10.37,9.97,10.18,216957.01
2020-12-01,10.11,10.2,9.95,10.16,163313.69
2020-12-02,10.15,10.28,9.77,9.83,178233.26
2020-12-03,9.8,9.9,9.61,9.89,140087.92
2020-12-04,9.78,10.48,9.78,10.27,273837.66
2020-12-07,10.09,10.45,9.91,10.06,217989.0
2020-12-08,9.92,10.96,9.9,10.77,379836.87
2020-12-09,10.53,10.95,10.17,10.58,278721.95
2020-12-10,10.41,11.2,10.2,10.76,354593.58
2020-12-11,10.53,10.92,10.15,10.4,226003.4
2020-12-14,10.27,11.14,10.25,11.0,284868.4
2020-12-15,10.9,11.59,10.5,11.1,347437.19
2020-12-16,10.89,12.21,10.89,12.19,533978.36
2020-12-17,11.95,12.32,11.32,11.77,486795.09
2020-12-18,11.55,12.89,11.35,12.44,487377.04
2020-12-21,12.41,13.68,12.34,13.68,345452.33
2020-12-22,14.29,15.05,13.78,15.05,503392.0
2020-12-23,15.37,16.56,14.3,15.27,787523.87
2020-12-24,14.14,14.4,13.74,13.74,112984.0
2020-12-25,12.37,13.29,12.37,12.37,508749.89
2020-12-28,12.0,13.61,11.95,13.61,496377.51
2020-12-29,13.67,14.4,12.62,13.57,495904.75
